score	repo_id	repo	resource_id	title	creator	date	is_personal	type_genre	return_to_german	born_german	home	german_places	glang	emigre	type	language	url
58	3	American Jewish Historical Society	20038	Papers of Cecilia Razovsky	Razovsky, Cecilia, 1886-1968	undated, 1913-1971	1	1	2	0	0	10	3	70	Articles | Clippings (information artifacts) | Correspondence | Diaries | Fliers (printed matter) | Legal documents | Ma	eng | Latn | spa | Latn | por | Latn | ger | Latn | yid | Hebr | rus | Cyrl | The collection is in English, Spanish, Portuguese, German, Yiddish, and Russian.	https://archives.cjh.org/repositories/3/resources/20038
54	3	American Jewish Historical Society	6733	Morris “Moe” Berg Papers	Berg, Moe, 1902-1972	undated, 1924-1972 | 1930 -- 1960	1	0	3	0	0	2	0	0	Correspondence | Receipts (financial records) | Articles | Coin purses | Baseball cards	eng | Latn | ger | Latn | ita | Latn | jpn | Jpan | fre | Latn	https://archives.cjh.org/repositories/3/resources/6733
50	7	YIVO Institute for Jewish Research	3277	Jacob Mestel Papers	Mestel, Jacob, 1884-1958	1910-1958	1	0	2	0	0	4	5	1	Photographic prints | Poems | Scripts (documents) | Prompt books	yid | yid | eng | ger | pol | The collection is in Yiddish, English, German, and Polish.	https://archives.cjh.org/repositories/7/resources/3277
46	3	American Jewish Historical Society	19959	Florence Lowenstein Marshall (1873-1916) Diaries, 1890-1916; 2019	Marshall, Florence Lowenstein, 1873-1916 | Schweitzer, Peter H., (Rabbi)	1894 -- 1916 | 2019	1	0	1	2	0	3	0	0		eng | Latn	https://archives.cjh.org/repositories/3/resources/19959
41	3	American Jewish Historical Society	15651	Ray Frank Litman (1861-1948) Papers	Litman, Ray Frank, 1864 or 1865-1948	undated, 1879-1957	1	0	2	0	0	2	1	0	Clippings (information artifacts) | Correspondence | Manuscripts (documents) | Programs (documents) | Scrapbooks | Sermo	eng | Latn | ger | Latn | The collection is primarily in English, with some German.	https://archives.cjh.org/repositories/3/resources/15651
39	7	YIVO Institute for Jewish Research	19971	Shalom Schwarzbard Papers	Shṿartsbard, Shalom, 1886-1938	1891, 1912-1958 | 1920-1937	1	1	1	0	0	3	3	4	World War, 1914-1918 -- Personal narratives | Clippings (information artifacts) | Correspondence | Manuscripts (document	yid | fre | eng | ger | rus | heb | The collection is predominantly in Yiddish and French, with some English, German, Russian, and Hebrew, as well as individual items in Spanish, Polish, and Danish.	https://archives.cjh.org/repositories/7/resources/19971
37	3	American Jewish Historical Society	15533	Marvin Lowenthal, papers	Lowenthal, Marvin, 1890-1969	undated, 1871-1959	1	1	1	0	0	3	2	2	Correspondence | Diaries | Drafts (documents) | Journals | Memorabilia | Notes (documents) | Photographs | Reviews (docu	eng | Latn | fre | Latn | ger | Latn | yid | Hebr | The collection is in English, French, German, and Yiddish.	https://archives.cjh.org/repositories/3/resources/15533
35	3	American Jewish Historical Society	15595	Adolf Lorch (1883-1971) Papers	Lorch, Adolf, 1883-1971	1896-2013 | 1934 -- 1941	1	0	0	2	0	4	1	0	Correspondence | Official documents	eng | Latn | ger | Latn	https://archives.cjh.org/repositories/3/resources/15595
33	4	American Sephardi Federation	3622	Guide to the Papers of John Stern	Stern, John, 1926-1987	1924-2013 | 1945-1990	1	1	0	1	1	3	0	1	Diaries | Notebooks | Notes (documents) | Pamphlets | Publications (documents) | VHS	eng | eng | fre | spa | The collection is in English, French, and Spanish.	https://archives.cjh.org/repositories/4/resources/3622
32	3	American Jewish Historical Society	13258	Raphael Lemkin Collection	Lemkin, Raphael, 1900-1959	undated, [1763]-2002 | undated, 1941-1951	1	0	1	0	0	4	1	7	Articles | Clippings (information artifacts) | Correspondence | Political posters | Proceedings (reports) | Research (do	eng | Latn | fre | Latn | heb | Hebr | ger | Latn | pol | Latn | rus | Cyrl | spa | Latn | swe | Latn | nor | Latn | lit | Latn | The collection is in English, French, Hebrew, German, Polish, Russian, Spanish, Swedish, Norwegian, and Lithuanian.	https://archives.cjh.org/repositories/3/resources/13258
32	7	YIVO Institute for Jewish Research	527	Lucien Wolf and David Mowshowitch Papers	Wolf, Lucien, 1857-1930 | Mowshowitch, David, 1887-1957	1708-1963 | 1880-1930	1	1	0	0	1	4	6	2	World War, 1914-1918 -- Treaties | Diaries | Poems	eng | eng | eng | fre | ger | rus | yid | pol | heb | hun | The collection is in English, French, German, Russian, Yiddish, Polish, Hebrew, and Hungarian.	https://archives.cjh.org/repositories/7/resources/527
31	3	American Jewish Historical Society	1659	Mordecai Sheftall papers	Sheftall, Mordecai, 1735-1797	undated, 1761-1867, 1873, 1932, 1941 | 1977 -- 1978	1	0	0	1	1	4	0	4	Correspondence | Ledgers (account books) | Newspapers | Orderly books | Orders (military records) | Petitions | Purchase	eng | Latn | The collection is in English.	https://archives.cjh.org/repositories/3/resources/1659
30	3	American Jewish Historical Society	198	Adolphus Simeon Solomons, papers	Solomons, Adolphus S. (Adolphus Simeon), 1826-1910	undated, 1841-1966	1	0	1	0	1	2	0	0	Sermons | Articles | Clippings (information artifacts) | Correspondence | Eulogies (documents) | Obituaries | Photograph	eng | Latn | The collection is in English.	https://archives.cjh.org/repositories/3/resources/198
29	3	American Jewish Historical Society	15552	Oscar I. Janowsky Papers	Janowsky, Oscar I. (Oscar Isaiah), 1900-1993	undated, 1916-1993 | undated, 1916-1993	1	1	1	0	0	2	0	0	Articles | Clippings files | Correspondence | Diaries | Memoirs | Personal correspondence | Research notes	eng | Latn | fre | Latn | ger | Latn | heb | Hebr | pol | Latn | yid | Hebr	https://archives.cjh.org/repositories/3/resources/15552
28	3	American Jewish Historical Society	15512	Marion E. Kenworthy Papers	Kenworthy, Marion E. (Marion Edwena), 1891-1980	undated, 1938-1952	1	0	1	0	0	2	1	11	Correspondence | Editorials | Minutes (administrative records) | Newsletters | Articles | Pamphlets | Publications (docu	eng | Latn	https://archives.cjh.org/repositories/3/resources/15512
28	3	American Jewish Historical Society	228	Papers of Aliza Greenblatt (1885-1975)	Greenblatt, Aliza, 1888-1975	undated, 1882-1983, 1993	1	0	1	0	0	1	5	0	Clippings (information artifacts) | Correspondence | Manuscripts (documents) | Newsletters | Poems | Programs (documents	yid | Hebr | eng | Latn | heb | Hebr | rus | Cyrl | fre | Latn	https://archives.cjh.org/repositories/3/resources/228
28	3	American Jewish Historical Society	6728	Shaul Osadchey Papers	Osadchey, Shaul, 1950-	undated, 1968-1978, 1980-1981, 1983-1992 | 1970 -- 1988	1	0	1	0	1	1	0	0	Bumper stickers | Clippings (information artifacts) | Commemorative jewelry | Correspondence | Headgear | Memorandums | 	eng | Latn | rus | Cyrl	https://archives.cjh.org/repositories/3/resources/6728
27	3	American Jewish Historical Society	15537	Walter Hart Blumenthal papers	Blumenthal, Walter Hart, 1883-1969	undated, 1882-1969 | 1900 -- 1969	1	1	1	0	0	1	0	0	Articles | Clippings (information artifacts) | Correspondence | Diaries | Manuscripts (documents) | Photographs | Poems 	eng | Latn | The collection is in English.	https://archives.cjh.org/repositories/3/resources/15537
27	3	American Jewish Historical Society	19997	John Langeloth Loeb and Frances Lehman Loeb Family Papers	Lehman family | Loeb family | Loeb, Frances Lehman, 1906-1996 | Loeb, John Langeloth, 1902-	1893 -- 1997 | 1926 -- 1998	1	0	0	1	1	3	0	0	Artifacts (object genre) | Correspondence | Legal correspondence | Photographs	eng | Latn	https://archives.cjh.org/repositories/3/resources/19997
26	3	American Jewish Historical Society	15707	Bernhard Felsenthal papers	Felsenthal, Bernhard, 1822-1908	undated, 1844-1922	1	0	0	1	0	3	2	1	Ephemera (general object genre) | Clippings (information artifacts) | Correspondence	eng | Latn | heb | Hebr | ger | Latn | fre | Latn | The collection is in English, Hebrew, German, and French.	https://archives.cjh.org/repositories/3/resources/15707
26	7	YIVO Institute for Jewish Research	531	Papers of Isaac Nachman Steinberg	Steinberg, Isaac Nachman, 1888-1957	1893-1968 | 1919-1956	1	1	0	0	0	5	2	5	Administrative reports | Correspondence | Diaries | Manuscripts (documents) | Minutes (administrative records) | Clippin	yid | yid | rus | pol | ger | eng | fre | heb | spa | dut | rum | ita | srp | hrv | cze | nor | swe | The collection is in Yiddish, Russian, Polish, German, English, French, Hebrew, Spanish, Dutch, Romanian, Italian, Serbian, Croatian, Czech, Norwegian, and Swedish.	https://archives.cjh.org/repositories/7/resources/531
25	7	YIVO Institute for Jewish Research	21984	Lionel S. Reiss Papers	Reiss, Lionel S. (Lionel Samson), 1894-	1921-1952	1	0	0	1	1	2	0	0	Drawings (visual works)	eng	https://archives.cjh.org/repositories/7/resources/21984
25	7	YIVO Institute for Jewish Research	3396	Papers of Nokhem Shtif	Shṭif, Naḥum, 1879-1933	1910-1934	1	1	0	0	0	4	6	1	Correspondence | Financial records | Lectures | Manuscripts (documents) | Memoirs | Minutes (administrative records) | C	yid | heb | rus | ukr | ger | pol | The collection is in Yiddish, with some Russian, Ukrainian, Hebrew, German, and Polish.	https://archives.cjh.org/repositories/7/resources/3396
24	3	American Jewish Historical Society	18226	Jacob Xenab Cohen, papers	Cohen, J. X. (Jacob Xenab), 1889-1955	undated, 1913-1978	1	0	1	0	0	1	0	2		eng | Latn | heb | Hebr | por | Latn | spa | Latn | The collection is in English, Hebrew, Portuguese, and Spanish.	https://archives.cjh.org/repositories/3/resources/18226
23	3	American Jewish Historical Society	12473	Solomon Lyons (1760-1812) Papers	Lyons, Solomon, 1760-1812	1788-1804	1	0	0	1	0	3	1	0	Correspondence | Manuscripts (documents) | Financial records | Legal documents | Wills	eng | Latn | yid | Hebr | The collection is in English and Yiddish.	https://archives.cjh.org/repositories/3/resources/12473
23	3	American Jewish Historical Society	6730	Ernest W. Michel (1923-2016) Papers	Michel, Ernest W., 1923-2016	[1698], 1920-1996 | 1946-1987	1	0	0	1	0	3	0	20	Clippings (information artifacts) | Correspondence | Lectures | Photographs	eng | Latn | heb | Hebr | yid | Hebr | ger | Latn | fre | Latn | pol | Latn | rom | Latn | dan | Latn	https://archives.cjh.org/repositories/3/resources/6730
23	7	YIVO Institute for Jewish Research	22090	Papers of Isaac Abraham Reif	Reif, Abraham Isaac, 1871-1946	1900 -- 1934	1	0	0	1	1	1	0	0		eng | yid	https://archives.cjh.org/repositories/7/resources/22090
23	7	YIVO Institute for Jewish Research	3503	Papers of Grigori Gurevitch	Gurevitch, Grigori Evseevich, 1852-1929	1888, 1901-1928	1	1	0	0	0	4	2	1	Correspondence | Official documents | Newspapers | Petitions | Clippings (information artifacts) | Memoirs | Manuscripts	rus | rus | yid | ger | ger | eng | The collection is in Russian with some Yiddish, German, French, and English.	https://archives.cjh.org/repositories/7/resources/3503
23	7	YIVO Institute for Jewish Research	556	Papers of Chaim Grade and Inna Hecker Grade	Grade, Chaim, 1910-1982	1910s-2010 | bulk 1940s-2000s	1	0	0	0	1	2	3	12	Poetry | Official documents | Newspapers | Correspondence | Photographs | Audiotapes | Tape reels | Lectures	yid | eng | heb | rus | fre | lit | pol | ger | tuk | The collection is predominantly in Yiddish and English, with some Hebrew, Russian, and French, as well as individual items in Lithuanian, Polish, German, and Turkmen.	https://archives.cjh.org/repositories/7/resources/556
22	7	YIVO Institute for Jewish Research	22176	Papers of Adolph Schauder	Schauder, Adolph, 1880-1968	1920s-1960s	1	0	1	0	0	1	0	0		eng	https://archives.cjh.org/repositories/7/resources/22176
21	7	YIVO Institute for Jewish Research	21050	Herman Bernstein Papers	Bernstein, Herman, 1876-1935	1899-1935	1	0	0	1	0	1	2	0		eng | yid | rus | ger | pol | fre | The collection is in English, Yiddish, Russian, German, Polish, and French.	https://archives.cjh.org/repositories/7/resources/21050
21	7	YIVO Institute for Jewish Research	21639	Papers of Rudolf Martin Cheim	Cheim, Rudolf Martin, 1905-	1942 -- 1948	1	0	0	1	0	2	0	8	Identity cards | Postcards | Photographic prints	eng	https://archives.cjh.org/repositories/7/resources/21639
21	7	YIVO Institute for Jewish Research	3504	Papers of Marc Ratner	Cherikover, I. M., 1881-1943 | Ratner, M. B. (Mark Borisovich), 1871-1917	1902-1922	1	0	0	0	1	2	2	3	Manuscripts (documents) | Correspondence | Official documents | Newspapers | Petitions | Minutes (administrative records	rus | rus | yid | ger | Latn | The collection is in Russian and Yiddish with some German.	https://archives.cjh.org/repositories/7/resources/3504
19	7	YIVO Institute for Jewish Research	21391	Papers of Heinz and Luba B. Condell	Condell, Heinz, 1905-1951 | Condell, Luba B., 1912-1979	1928-1970s	1	0	0	0	0	5	2	0	Theater -- Reviews | Scripts (documents) | Photographic prints	eng | Latn | yid | Hebr | ger | Latn | Materials are in English, German, and Yiddish.	https://archives.cjh.org/repositories/7/resources/21391
19	7	YIVO Institute for Jewish Research	3278	Morris Rosenfeld Papers	Rosenfeld, Morris, 1862-1923	1888-1967	1	0	0	0	1	1	4	0	Photographic prints | Sheet music	yid | yid | eng | ger | The collection is in Yiddish, English, and German.	https://archives.cjh.org/repositories/7/resources/3278
19	7	YIVO Institute for Jewish Research	3279	Israel Cohen Papers	Cohen, Israel, 1879-1961	1906-1961	1	0	0	0	0	4	2	3	Clippings (information artifacts) | Manuscripts (documents)	eng | eng | ger | fre | heb | pol | yid | The collection is in English, German, French, Hebrew, Polish, and one document in Yiddish.	https://archives.cjh.org/repositories/7/resources/3279
18	7	YIVO Institute for Jewish Research	19972	Simon Dubnow Papers	Dubnow, Simon, 1860-1941 | YIVO Archives	1632-1938 | bulk 1700-1900	1	0	0	0	0	4	2	1	Clippings (information artifacts) | Correspondence | Decrees | Ketubahs | Legal documents | Manuscripts (documents) | Mi	heb | yid | pol | rus | ger | The collection is in Yiddish and Hebrew, with some Polish, Russian, and German, and a small amount of Aramaic, Latin, and French.	https://archives.cjh.org/repositories/7/resources/19972
18	7	YIVO Institute for Jewish Research	21318	Papers of Daniel Charney	Charney, Daniel, 1888-1959	1920s-1959	1	1	0	0	0	1	3	0	Photographic prints | Diaries	eng | yid	https://archives.cjh.org/repositories/7/resources/21318
17	3	American Jewish Historical Society	15376	Simon Wolf, papers	Wolf, Simon, 1836-1923	undated, 1868-1925	1	0	0	1	0	1	0	0	Articles | Correspondence | Speeches (documents)	eng | Latn | The collection is in English.	https://archives.cjh.org/repositories/3/resources/15376
17	3	American Jewish Historical Society	15652	Moses Family of New York Papers	Moses family	undated, 1767-1941, 1971	0	1	0	1	0	1	0	0	Newspaper clippings | Clippings (information artifacts) | Biographies (literary works) | Receipts (financial records) | 	eng | Latn | heb | Hebr | The collection is in English with some Hebrew.	https://archives.cjh.org/repositories/3/resources/15652
17	7	YIVO Institute for Jewish Research	19910	Autobiographies of Jewish Youth in Poland	Kligsberg, Moshe | Weinreich, Max, 1894-1969 | Yidisher ṿisnshafṭlekher insṭiṭuṭ	1905-1940 | bulk 1932-1939	0	1	0	0	0	3	2	2	Autobiographies (literary works) | Diaries	yid | pol | ger | heb | eng | rus | hrv | fre | cze | The collection is in Yiddish, with some Polish, German, Hebrew, English, Russian, Serbo-Croatian, French, and Czech.	https://archives.cjh.org/repositories/7/resources/19910
17	7	YIVO Institute for Jewish Research	20048	Papers of Siegfried Bernfeld	Bernfeld, Siegfried, 1892-1953	1904-1925 | 1912-1922	1	0	0	0	0	5	1	0	Correspondence | Publications (documents) | Reports | Poems | Manuscripts (documents) | Periodicals | Contracts | Financ	ger | heb | Hebr | The collection is in German, with occasional materials in Hebrew.	https://archives.cjh.org/repositories/7/resources/20048
17	7	YIVO Institute for Jewish Research	21393	Michael Preiss Papers	Preiss, Michael, 1904-1979	1920s-1960s	1	0	0	0	0	3	3	0	Theater -- Reviews | Theater posters | Scripts (documents) | Photographic prints	eng | yid | ger	https://archives.cjh.org/repositories/7/resources/21393
17	7	YIVO Institute for Jewish Research	21930	Isaac Margulies Papers	Margulies, Isaac, 1855-1919	1894 -- 1955	1	0	0	0	0	3	3	0	Poetry	yid	https://archives.cjh.org/repositories/7/resources/21930
17	7	YIVO Institute for Jewish Research	546	Eliyahu Guttmacher Papers	Guttmacher, Elijah, 1796-1874	1828-1908, 1958 | 1847-1874	1	0	0	0	0	4	2	0	Correspondence | Financial records | Kvitlekh	heb | heb | yid | ger | fre | Hebrew, Yiddish, German, and French.	https://archives.cjh.org/repositories/7/resources/546
16	3	American Jewish Historical Society	15708	Leon David Crestohl, papers	Crestohl, Leon David, 1900-1963	undated, 1841-1963	1	1	0	0	0	2	1	0	Clippings (information artifacts) | Correspondence | Memoirs | Memorabilia | Photographs | Speeches (documents)	eng | Latn | fre | Latn | gre | Grek | heb | Hebr | ita | Latn | pol | Latn | rus | Cyrl | spa | Latn | yid | Hebr | The collection is in English, French, Greek, Hebrew, Italian, Polish, Russian, Spanish, and Yiddish.	https://archives.cjh.org/repositories/3/resources/15708
16	7	YIVO Institute for Jewish Research	21599	Louis Lewin Papers	Lewin, Louis, 1868-1941	undated	1	1	0	0	0	2	1	0	Photographic prints | Diaries	eng	https://archives.cjh.org/repositories/7/resources/21599
16	7	YIVO Institute for Jewish Research	3533	Mordecai Gebirtig Papers	Gebirtig, Mordecai, 1877-1942	1920s-1967 | 1920s-1942	1	0	0	0	0	3	2	1	Notebooks | Scores (documents for music) | Songs (musical compositions)	yid | yid | pol | Yiddish, with some Polish, German, and Hebrew.	https://archives.cjh.org/repositories/7/resources/3533
15	3	American Jewish Historical Society	1657	Samuel Oppenheim Papers	Oppenheim, Samuel, 1857-1928	undated, 1614-1938	1	0	0	0	1	1	1	0	Transcripts | Translations | Stats (copies) | Certificates of registry (ships' papers) | Ledgers (account books) | Minut	eng | Latn | dut | Latn | fre | Latn | por | Latn | yid | Hebr | The collection is in English, Dutch, French, Portuguese, and Yiddish.	https://archives.cjh.org/repositories/3/resources/1657
15	7	YIVO Institute for Jewish Research	20041	Isaac Leib Goldberg Collection	Goldberg, Isaac Leib, 1860-1935	1885-1922	1	0	0	0	0	3	2	0		mul | rus | Cyrl | ger | Latn | yid | Hebr | fre | Latn | The collection is in Russian, German, Yiddish, and French	https://archives.cjh.org/repositories/7/resources/20041
15	7	YIVO Institute for Jewish Research	21261	Mark Schweid Papers	Schweid, Mark, 1891-1969	undated	1	0	0	0	0	2	5	0	English literature -- Translations into Yiddish | Radio scripts | Yiddish language -- Societies, etc. | Playbills | Scri	eng | yid | ger	https://archives.cjh.org/repositories/7/resources/21261
15	7	YIVO Institute for Jewish Research	21376	Israel London Papers	London, Israel, 1898-	1947 -- 1964	1	0	0	0	0	3	2	0		yid	https://archives.cjh.org/repositories/7/resources/21376
15	7	YIVO Institute for Jewish Research	21400	Kalman Heisler Papers	Heisler, Kalman, 1899-1966	1930s-1960s	1	0	0	0	0	2	4	0	Yiddish language -- Societies, etc.	yid	https://archives.cjh.org/repositories/7/resources/21400
15	7	YIVO Institute for Jewish Research	21462	Max Weinreich Papers	Weinreich, Max, 1894-1969	1930s-1968	1	0	0	0	0	2	4	0	Jews -- Folklore | English language -- Dictionaries -- Yiddish | Yiddish language -- Dictionaries -- English | Photograp	yid | eng	https://archives.cjh.org/repositories/7/resources/21462
15	7	YIVO Institute for Jewish Research	21486	Samuel Jacob Harendorf Papers	Harendorf, S. J. (Shmuel J.), 1900-1969	1930s-1960s	1	0	0	0	0	2	4	0	Photographic prints	yid | eng	https://archives.cjh.org/repositories/7/resources/21486
15	7	YIVO Institute for Jewish Research	21606	Mark Wischnitzer Papers	Wischnitzer, Mark, 1882-1955	1927 -- 1955	1	0	0	0	0	4	1	0		eng | yid	https://archives.cjh.org/repositories/7/resources/21606
15	7	YIVO Institute for Jewish Research	22468	Aron Zundelevich Collection	Zundelevich, Aron, 1852-1923	1889 -- 1933	1	0	0	0	1	1	0	2		rus | Cyrl | yid | Hebr | ger | Latn	https://archives.cjh.org/repositories/7/resources/22468
15	7	YIVO Institute for Jewish Research	22566	Jewish Labor Committee Collection		1934-2009, 2017	0	1	0	0	0	2	2	7	Fundraising materials | Minutes (administrative records) | Resolutions (administrative records) | Circular letters | Pam	eng | Latn | yid | Materials are primarily in English and Yiddish, with a small amount of Hebrew, French, German, Polish, and Russian documents.	https://archives.cjh.org/repositories/7/resources/22566
15	7	YIVO Institute for Jewish Research	22568	Raphael Abramovich Collection	Abramovitch, Raphael R., 1880-1963	undated, 1906-1972,1988, 2010	1	0	0	0	0	4	0	3		yid | Hebr | rus | Cyrl | eng | Latn | ger | Latn | fre | Latn | pol | Latn | dan | Latn	https://archives.cjh.org/repositories/7/resources/22568
15	7	YIVO Institute for Jewish Research	3220	Spanish Civil War Collection		1909-2013	0	1	0	0	0	2	2	2	Brochures | Clippings (information artifacts) | Correspondence | DVDs | Financial records | Masters theses | Fliers (pri	eng | eng | yid | fre | ger | spa | cat | heb | pol | rus | ita | epo | swe | chi | In English, Yiddish, French, German, Spanish, Catalan, Hebrew, Polish, Russian, and Italian, with a few items that use Esperanto, Swedish, and Chinese.	https://archives.cjh.org/repositories/7/resources/3220
15	7	YIVO Institute for Jewish Research	3509	Jacob Shatzky Papers	Shatzky, Jacob, 1893-1956	1910-1963	1	0	0	0	0	3	2	0	Manuscripts (documents) | Correspondence	yid | yid | eng | pol | ger | spa | Yiddish, English, Polish, German, Hebrew and Spanish.	https://archives.cjh.org/repositories/7/resources/3509
15	7	YIVO Institute for Jewish Research	3596	Papers of Maxim Vinawer	Vinaver, M. (Maksim), 1862 or 1863-1926	1914-1926	1	0	0	0	0	2	2	7	Correspondence | Official documents | Newspapers | Affidavits | Drafts (documents) | Minutes (administrative records) | 	rus | rus | fre | ger | eng | pol | yid | The collection is in Russian with some  French, German, English, Polish and Yiddish.	https://archives.cjh.org/repositories/7/resources/3596
15	7	YIVO Institute for Jewish Research	487	Territorial Collection, Poland 2 (Holocaust)		1938-1978	0	1	0	0	0	2	2	8	Testimonies | Newspaper clippings | Letters (correspondence) | Articles | Documents (object genre)	pol | pol | rus | yid | ger | eng | fre | heb | swe | dan | Polish, Russian, Yiddish, German, English, French, Hebrew, Swedish, Danish.	https://archives.cjh.org/repositories/7/resources/487
14	3	American Jewish Historical Society	6731	Morris Gordon Papers	Gordon, Morris, 1914-2005	undated, 1937-2006	1	1	0	0	0	1	0	3	Correspondence | Memoirs | Photographs	eng | Latn | heb | Hebr | chi | Hani	https://archives.cjh.org/repositories/3/resources/6731
14	7	YIVO Institute for Jewish Research	19975	Tcherikower Archive YIVO Administration Records	Cherikover, I. M., 1881-1943	1921-1962 | bulk 1925-1943	0	1	0	0	0	2	2	1	Administrative records | Archival materials | Correspondence | Memoirs	yid | ger | fre | rus | eng | pol | The collection is in Yiddish, with some German, French, Russian, English, and Polish.	https://archives.cjh.org/repositories/7/resources/19975
14	7	YIVO Institute for Jewish Research	21161	Papers of Jacques Bielinky	Biélinky, Jacques, 1881-	1926 -- 1942	1	1	0	0	0	1	0	2	Diaries	fre	https://archives.cjh.org/repositories/7/resources/21161
14	7	YIVO Institute for Jewish Research	21575	Jakob Apenszlak Papers	Apenszlak, Jacob, 1894-1950	1939 -- 1945	1	1	0	0	0	1	0	4	Diaries	eng | pol	https://archives.cjh.org/repositories/7/resources/21575
14	7	YIVO Institute for Jewish Research	3575	David Trotsky Collection	Trotsky, David, 1904-1945	1907-1940 | 1920-1938	1	0	0	0	0	2	2	1	Administrative reports | Financial records | Fliers (printed matter) | Newsletters | Clippings (information artifacts) |	fre | fre | dut | yid | cze | ger | hun | rus | pol | The collection is in French,  Dutch, Yiddish, Czech, German, Hungarian, Russian, and Polish.	https://archives.cjh.org/repositories/7/resources/3575
14	7	YIVO Institute for Jewish Research	528	Joseph A. Rosen Papers	Rosen, Joseph A., 1877-1949	1911-1943 | 1922-1938	1	0	0	0	0	2	2	1	Photographic prints | Land surveys	rus | rus | eng | ger | ukr | yid | fre | spa | The collection is in Russian, English, German, Ukrainian, Yiddish, French, and Spanish.	https://archives.cjh.org/repositories/7/resources/528
13	3	American Jewish Historical Society	13257	Louis Broido papers	Broido, Louis, 1896-1975	undated, 1922-1976	1	0	0	0	0	2	2	0	Affidavits | Annual reports | Articles | Correspondence | Financial records | Memorandums | Minutes (administrative reco	eng | Latn | fre | Latn | ger | Latn | yid | Hebr | The collection is in English, French, German, and Yiddish.	https://archives.cjh.org/repositories/3/resources/13257
13	3	American Jewish Historical Society	15775	Fort Ontario Emergency Refugee Shelter Collection	Cohen, Jack, 1919-2012 | Tzechoval, Mosco	1944-1947, 1960, 1975	1	0	0	0	0	1	2	6	Reports | Clippings (information artifacts) | Correspondence | Minutes (administrative records) | Photographs | Sermons	eng | Latn | yid | Hebr | heb | Hebr | ger | Latn | ita | Latn | hrv | Latn | The collection is primarily in English, with a substantial amount of material in Yiddish and Hebrew, and a few items in German, Italian, and Croatian.	https://archives.cjh.org/repositories/3/resources/15775
13	3	American Jewish Historical Society	2769	Abraham Selz Collection	Selz, Abraham, 1819-1906	1853-1881, 1981	1	0	0	0	0	2	2	0		eng | Latn | heb | Hebr | yid | Hebr | ger | Latn | Collection is in English, Hebrew, Yiddish, and German.	https://archives.cjh.org/repositories/3/resources/2769
13	7	YIVO Institute for Jewish Research	19900	Elias Tcherikower Collection	Cherikover, I. M., 1881-1943	1793-1976	1	1	0	0	0	1	0	1	Correspondence | Minutes (administrative records) | Official documents | Official reports | Petitions | Manuscripts (doc	yid | Hebr | rus | Cyrl | pol | Latn | ukr | Cyrl | bel | Cyrl | ger | Latn | heb | Hebr | eng | Latn | lit | Latn | fre | Latn	https://archives.cjh.org/repositories/7/resources/19900
13	7	YIVO Institute for Jewish Research	19985	Abraham Sutzkever-Szmerke Kaczerginski Historical Collection	Sutzkever, Abraham, 1913-2010 | Kaczerginski, Szmerke, 1908-1954	1680-1941	1	0	0	0	0	1	2	2	Manuscripts (documents) | Correspondence | Jews -- Folklore | Contracts | Registers (lists) | Short stories | Financial 	yid | heb | ger | rus	https://archives.cjh.org/repositories/7/resources/19985
13	7	YIVO Institute for Jewish Research	21214	Leon Baratz Papers	Baratz, Leon, 1896-	1920s-1954	1	0	0	0	0	2	2	0		eng	https://archives.cjh.org/repositories/7/resources/21214
13	7	YIVO Institute for Jewish Research	21349	Papers of Ezra Korman	Korman, Ezra, 1888-1959	1926 -- 1959	1	0	0	0	0	1	4	0	Poetry | German poetry -- Translations into Yiddish	eng | yid	https://archives.cjh.org/repositories/7/resources/21349
13	7	YIVO Institute for Jewish Research	21360	Ossip Dymow Papers	Dymow, Ossip, 1878-1959	1900 -- 1958	1	0	0	0	0	1	4	0		eng | yid | rus | ger	https://archives.cjh.org/repositories/7/resources/21360
13	7	YIVO Institute for Jewish Research	21364	Jacob Adler Papers	Adler, Y., 1874-1974	1890s-1970	1	0	0	0	0	1	5	0	Photographic prints | Poetry	yid | eng	https://archives.cjh.org/repositories/7/resources/21364
13	7	YIVO Institute for Jewish Research	21388	Melech Chmelnitzky Papers	Chmelnitzky, Melech, 1885-1946	undated	1	0	0	0	0	1	3	0	Poetry	yid	https://archives.cjh.org/repositories/7/resources/21388
13	7	YIVO Institute for Jewish Research	21532	Shifra Lerer and Ben-Zion Witler Papers	Lerer, Shifra, 1915-2011 | Witler, Ben-Zion, 1907-1961	1930s-1961	1	0	0	0	0	1	3	0	Scripts (documents) | Scrapbooks | Photographic prints | Scores (documents for music) | Albums (books)	yid	https://archives.cjh.org/repositories/7/resources/21532
13	7	YIVO Institute for Jewish Research	21603	Zalman Shneur Papers	Shneour, Zalman, 1887-1959	1902-1961	1	0	0	0	0	1	5	0	Hebrew literature -- Translations into Russian | English literature -- Translations from Hebrew | Hebrew literature -- T	eng | heb | yid	https://archives.cjh.org/repositories/7/resources/21603
13	7	YIVO Institute for Jewish Research	21931	Leib Kadison Papers	Kadison, Leib, 1880-1947	1916 -- 1947	1	0	0	0	0	1	3	0	Drawings (visual works) | Paintings (visual works) | Photographic prints | Theater posters	yid	https://archives.cjh.org/repositories/7/resources/21931
13	7	YIVO Institute for Jewish Research	21981	Jacob Katz Papers	Katz, Jacob, 1907-1974	1930s-1970s	1	0	0	0	0	1	2	5	Photographic prints	eng	https://archives.cjh.org/repositories/7/resources/21981
13	7	YIVO Institute for Jewish Research	21990	Meyer Stiker Papers	Stiker, Meyer, 1905-1983	1930s-1970s	1	0	0	0	0	1	4	0	Poetry	yid	https://archives.cjh.org/repositories/7/resources/21990
13	7	YIVO Institute for Jewish Research	22481	Grigory Aronson Collection	Aronson, Gregor, 1887-1968	undated, 1923-1984	1	0	0	0	0	3	0	2		yid | Hebr | eng | Latn | ger | Latn | fre | Latn | rus | Cyrl	https://archives.cjh.org/repositories/7/resources/22481
12	3	American Jewish Historical Society	2636	Jacques Judah Lyons papers	Lyons, Jacques J. (Jacques Judah), 1813-1877	undated, 1705-1885, 1908, 1911-1914, 1917-1919, 1933, 1950	1	1	0	0	0	1	0	0	Sermons | Admission tickets | Articles | Bills of sale | Certificates | Contracts | Correspondence | Diaries | Drafts (d	eng | Latn | dut | Latn | heb | Hebr | spa | Latn | por | Latn | The collection is in English, Dutch, Hebrew, Spanish, and Portuguese.	https://archives.cjh.org/repositories/3/resources/2636
12	3	American Jewish Historical Society	34	Adler Family Papers	Adler, Ellen, 1927- | Freed, Selwyn Z.	1893-1992 | 1920 -- 1977	1	0	0	0	0	1	2	1	Correspondence | Drawings (visual works) | Manuscripts (documents) | Clippings (information artifacts) | Photographs | P	yid | Hebr | eng | Latn | heb | Hebr | rus | Cyrl | ger | Latn | dut | Latn	https://archives.cjh.org/repositories/3/resources/34
12	3	American Jewish Historical Society	837	Isadore Breslau Papers	Breslau, Isadore, 1897-1978	1911-1975	1	0	0	0	0	3	0	1		eng | Latn | yid | Hebr	https://archives.cjh.org/repositories/3/resources/837
12	7	YIVO Institute for Jewish Research	21354	Koppel Pinson Papers	Pinson, Koppel S. (Koppel Shub), 1904-1961	1930s-1940s	1	0	0	0	0	3	0	1		eng	https://archives.cjh.org/repositories/7/resources/21354
11	3	American Jewish Historical Society	13253	Lee Kaufer Frankel collection	Frankel, Lee K. (Lee Kaufer), 1867-1931	undated, 1889-1933, 1936-1938, 1942-1944	1	0	0	0	0	1	2	0	Articles | Bills (legislative records) | News bulletins | Correspondence | Financial statements | Memorandums | Minutes 	eng | Latn | fre | Latn | ger | Latn | heb | Hebr | ita | Latn | pol | Latn | por | Latn | spa | Latn | yid | Hebr | The collection is in English, French, German, Hebrew, Italian, Polish, Portuguese, Spanish, and Yiddish.	https://archives.cjh.org/repositories/3/resources/13253
11	3	American Jewish Historical Society	15239	Rabbi Abraham Haselkorn (1905-1982) WWII Papers	Haselkorn, Abraham, 1905-1982	undated, 1944	1	0	0	0	0	2	0	2	Advertisements | Black-and-white photographs | Clippings (information artifacts) | Invitations | Leaflets (printed works	eng | Latn | fre | Latn | ger | Latn	https://archives.cjh.org/repositories/3/resources/15239
11	3	American Jewish Historical Society	1576	Bernard G. Richards Papers	Richards, Bernard G.	undated, 1820, 1868, 1895-1996, 1999	0	1	0	0	0	2	1	0	Speeches (documents) | Articles | Correspondence | Invitations | Memoirs | Memorandums | Minutes (administrative records	eng | Latn | ara | Arab | chi | Hani | dut | Latn | fre | Latn | ger | Latn | gre | Grek | heb | Hebr | ita | Latn | pol | Latn | rus | Cyrl | spa | Latn | yid | Hebr	https://archives.cjh.org/repositories/3/resources/1576
11	3	American Jewish Historical Society	18397	Shloyme Rosenberg Collection	Rosenberg, Shloyme, 1896-1975	undated, 1940-1977	1	0	0	0	0	1	2	0	Articles | Clippings (information artifacts) | Correspondence | Manuscripts (documents) | Photographs | Speeches (docume	yid | Hebr | eng | Latn | fre | Latn | heb | Hebr | The collection is predominantly in Yiddish, with some English, French, and Hebrew.	https://archives.cjh.org/repositories/3/resources/18397
11	3	American Jewish Historical Society	19716	Philip Cowen Papers	Cowen, Philip, 1853-1943	undated, 1873-1935 | undated, 1873-1935	1	0	0	0	0	1	2	0	Clippings (information artifacts) | Publications (documents) | Correspondence | Testimonials | Surveys (documents) | Res	eng | Latn | rus | Cyrl | ger | Latn | fre | Latn | chi | Hani | The collection is in English, Russian, German, French, and Chinese. | The collection is in English, Russian, German, French, and Chinese.	https://archives.cjh.org/repositories/3/resources/19716
11	3	American Jewish Historical Society	19865	Robison Family Papers	Robison family	undated, 1904-1995	0	1	0	0	0	1	2	0	Administrative records | Audiotapes | News bulletins | Certificates | Clippings (information artifacts) | Correspondence	eng | Latn | fre | Latn | ger | Latn | heb | Hebr | per | Xpeo | kor | Hang | spa | Latn | swe | Latn | yid | Hebr | The collection is predominantly in English, with some French, German, Hebrew, Persian, Korean, Spanish, Swedish, and Yiddish.	https://archives.cjh.org/repositories/3/resources/19865
11	3	American Jewish Historical Society	20110	Simon H. Rifkind Papers	Rifkind, Simon H. (Simon Hirsch), 1901-1995	"undated, 1921-1995
 | 1945-1995"	1	0	0	0	0	2	0	4	Correspondence | Newspaper clippings | Publications (documents) | Speeches (documents)	eng | Latn | heb | Hebr	https://archives.cjh.org/repositories/3/resources/20110
11	3	American Jewish Historical Society	2669	Irene S. Woods papers	Woods, Irene S., 1921-	1988-1991	1	0	0	0	0	2	0	3		eng | Latn | English	https://archives.cjh.org/repositories/3/resources/2669
11	3	American Jewish Historical Society	2719	Louis Stern Papers	Stern, Louis, 1893-	1905-1915, 1932, 1962	1	0	0	0	0	3	0	0		eng | Latn	https://archives.cjh.org/repositories/3/resources/2719
11	3	American Jewish Historical Society	2953	Solomon Robert Kagan papers	Kagan, Solomon R. (Solomon Robert), 1889-1955	undated, 1920, 1928, 1938, 1940-1955	1	0	0	0	0	2	1	0	Clippings (information artifacts) | Correspondence | Pamphlets | Petitions	eng | Latn | heb | Hebr | ger | Latn | fre | Latn | The collection is predominantly in English, with some Hebrew, German, and French.	https://archives.cjh.org/repositories/3/resources/2953
11	3	American Jewish Historical Society	6100	Emily Phillips, papers	Phillips, Emily, 1822-1909	undated, 1893	1	0	0	0	0	1	2	0	Greeting cards	eng | Latn | fre | Latn | ger | Latn | heb | Hebr | ita | Latn | yid | Hebr | The collection is in English, with French, German, Hebrew, Italian, and Yiddish.	https://archives.cjh.org/repositories/3/resources/6100
11	3	American Jewish Historical Society	6199	Sulzberger family collection	Sulzberger, Mayer, 1843-1923 | Sulzberger, Arthur Hays, 1891-1968 | Sulzberger family	1825-1953	1	0	0	0	0	3	0	0	Wills	ger | Latn	https://archives.cjh.org/repositories/3/resources/6199
11	7	YIVO Institute for Jewish Research	19976	Papers of Zemach Shabad	Schabad, Z., 1864-1935	1907-1934	1	0	0	0	0	1	2	0	Annual reports | Correspondence | Medical records | Minutes (administrative records) | Poetry | Travel documents	und | rus | Cyrl | The collection is in Russian, with some Polish, Yiddish, and German.	https://archives.cjh.org/repositories/7/resources/19976
11	7	YIVO Institute for Jewish Research	21221	Sol Feinstone Papers	Feinstone, Sol, 1888-1980	1882 -- 1939	1	0	0	0	0	3	0	0	Visitors' books	eng | ger	https://archives.cjh.org/repositories/7/resources/21221
11	7	YIVO Institute for Jewish Research	21302	Mendel and Alte Sudarski Papers	Sudarsky, Mendel, 1885-1951 | Sudarsky, Alte	1938 -- 1958	1	0	0	0	0	1	2	0	Photographic prints | Yiddish language -- Societies, etc.	eng | yid	https://archives.cjh.org/repositories/7/resources/21302
11	7	YIVO Institute for Jewish Research	21337	Solomon Linder Papers	Linder, Solomon, 1886-1960	1886 -- 1960	1	0	0	0	0	1	2	0		eng | yid	https://archives.cjh.org/repositories/7/resources/21337
11	7	YIVO Institute for Jewish Research	21411	Papers of Abba Stolzenberg	Stolzenberg, Abba, 1905-1941	1905 -- 1966	1	0	0	0	0	1	2	0	Poetry	eng	https://archives.cjh.org/repositories/7/resources/21411
11	7	YIVO Institute for Jewish Research	21454	Papers of Bella Bellarina	Bellarina, Bella, 1898-1969	1910s-1960s	1	0	0	0	0	1	2	0	Theater -- Reviews | Scripts (documents) | Photographic prints	eng | yid	https://archives.cjh.org/repositories/7/resources/21454
11	7	YIVO Institute for Jewish Research	21457	Papers of Ilya Trotsky	Trot︠s︡kiĭ, Ilʹi︠a︡ (Ilʹi︠a︡ Markovich), 1879-1969	1937-1968	1	0	0	0	0	1	2	0	Russian literature -- Societies, etc.	eng	https://archives.cjh.org/repositories/7/resources/21457
11	7	YIVO Institute for Jewish Research	21515	Israel Jacob Schwartz Papers	Schwartz, Israel Jacob, 1885-1971	1947 -- 1971	1	0	0	0	0	1	2	0	Photographic prints	yid	https://archives.cjh.org/repositories/7/resources/21515
11	7	YIVO Institute for Jewish Research	21542	Papers of Mordkhe Schaechter	Schaechter, Mordkhe, 1927-2007	1940s-1970s	1	0	0	0	0	1	2	0	Photographic prints	eng	https://archives.cjh.org/repositories/7/resources/21542
11	7	YIVO Institute for Jewish Research	21565	Mordechai Hampel Papers	Hampel, Mordechai, 1905-1982	1960s-1970s	1	0	0	0	0	1	1	2	Photographic prints	yid	https://archives.cjh.org/repositories/7/resources/21565
11	7	YIVO Institute for Jewish Research	21593	Reuben Iceland Papers	Iceland, Reuben, 1884-1955	1906 -- 1954	1	0	0	0	0	1	2	0	Poetry | Photographic prints	yid	https://archives.cjh.org/repositories/7/resources/21593
11	7	YIVO Institute for Jewish Research	21612	Papers of E. Vershleisser	Vershleisser, E., 1896-1959	1938 -- 1965	1	0	0	0	0	1	2	0	Identity cards | Photographic prints	eng | yid	https://archives.cjh.org/repositories/7/resources/21612
11	7	YIVO Institute for Jewish Research	21997	Isaac Metzker Papers	Metzker, Isaac, 1902-1984	1930s-1970s	1	0	0	0	0	1	2	0		yid	https://archives.cjh.org/repositories/7/resources/21997
11	7	YIVO Institute for Jewish Research	22077	Papers of Hans Biberstein and Erna Stein-Biberstein	Biberstein, Hans, 1899-1965 | Stein-Biberstein, Erna	1884 -- 1960	1	0	0	0	0	3	0	0		eng	https://archives.cjh.org/repositories/7/resources/22077
11	7	YIVO Institute for Jewish Research	22592	Holocaust Collection		1906 -- 2021 | 1933 -- 1989	0	1	0	0	0	2	0	34	Articles | Brochures | Clippings (information artifacts) | Correspondence | Exhibition catalogs | Magazines (periodicals	mul	https://archives.cjh.org/repositories/7/resources/22592
10	3	American Jewish Historical Society	12465	Joachim Feldman Papers	Feldman, Joachim, 1891-	undated, 1940-1942	1	0	0	0	0	1	1	1	Correspondence	eng | Latn | ger | Latn | The collection is in English and German.	https://archives.cjh.org/repositories/3/resources/12465
10	3	American Jewish Historical Society	13254	Cyrus Adler Papers	Adler, Cyrus, 1863-1940	undated, 1883-1937	1	0	0	0	0	1	1	1	History -- Sources	eng | Latn | eng | heb | yid | The collection is in English, with some Hebrew and Yiddish.	https://archives.cjh.org/repositories/3/resources/13254
10	3	American Jewish Historical Society	15519	Jesse B. Calmenson, papers	Calmenson, Jesse B., 1892-1952	undated, 1903-1952, 1966, 1978-1979, 1981, 1995-1996	1	0	0	0	0	1	1	1	Agendas (administrative records) | Announcements | Articles | Ballots | Bylaws (administrative records) | Certificates o	eng | Latn | ger | Latn | The collection is in English and German.	https://archives.cjh.org/repositories/3/resources/15519
10	3	American Jewish Historical Society	20017	Jack D. Weiler and Family Papers	Weiler, Jack D., 1904-1995 | Weiler family | Weiler, Doris	1920 -- 2014 | 1910 -- 1990	1	0	0	0	0	1	1	1		eng | yid | rus | The collection is primarily in English with some Yiddish and one item in Russian. Some shorthand also appears in the collection. 	https://archives.cjh.org/repositories/3/resources/20017
9	3	American Jewish Historical Society	13278	Metz-Greene-Stone Family Papers	Metz family | Greene family | Stone family	undated, 1910-2015	0	1	0	0	0	2	0	0	Awards | Audiocassettes | Articles | Books | Clippings (information artifacts) | Correspondence | Diaries | Diplomas | E	eng | Latn | heb | Hebr	https://archives.cjh.org/repositories/3/resources/13278
9	3	American Jewish Historical Society	15439	Representative Isaac Siegel Papers	Siegel, Isaac, 1880-1947	1897-1944	1	0	0	0	0	1	1	0	Correspondence	eng | Latn | yid | Hebr | The collection is in English and some Yiddish.	https://archives.cjh.org/repositories/3/resources/15439
9	3	American Jewish Historical Society	15551	Tobias Geffen Papers	Geffen, Tobias, 1870-1970	undated, 1884-1985	1	0	0	0	0	2	0	0	Articles | Contracts | Correspondence | Invitations | Sermons	eng | Latn | fre | Latn | ger | Latn | heb | Hebr | lit | Latn | pol | Latn | rus | Cyrl | yid | Hebr	https://archives.cjh.org/repositories/3/resources/15551
9	3	American Jewish Historical Society	15565	Philip Lax Papers	Lax, Philip, 1920-	undated, 1915, 1917, 1944-2003, 2005-2008 | 1970 -- 1989	1	0	0	0	0	2	0	0	Agendas (administrative records) | Correspondence | Minutes (administrative records) | Photographs | Publications (docum	eng | Latn	https://archives.cjh.org/repositories/3/resources/15565
9	3	American Jewish Historical Society	15592	Louis Marshall Papers	Marshall, Louis, 1856-1929	undated, 1905-1933	1	0	0	0	0	2	0	0		eng | Latn | yid | Hebr	https://archives.cjh.org/repositories/3/resources/15592
9	3	American Jewish Historical Society	15649	Mordecai Manuel Noah, papers	Noah, M. M. (Mordecai Manuel), 1785-1851	undated, 1816-1851	1	0	0	0	0	2	0	0		eng | Latn | The collection is in English.	https://archives.cjh.org/repositories/3/resources/15649
9	3	American Jewish Historical Society	15703	Norman Salit (1896-1960) Papers	Salit, Norman, 1896-1960	undated, 1916-1965 | undated, 1916-1965	1	0	0	0	0	2	0	0	Manuscripts (documents) | Publications (documents) | Articles | Correspondence | Reports | Sermons | Essays | Lectures |	eng | Latn | heb | Hebr | The collection is in English with some Hebrew.	https://archives.cjh.org/repositories/3/resources/15703
9	3	American Jewish Historical Society	2693	August Bondi papers	Bondi, August M. (August Mendel), 1833-1907	1883-1906	1	0	0	0	0	2	0	0		eng | Latn	https://archives.cjh.org/repositories/3/resources/2693
9	3	American Jewish Historical Society	2698	Moses Ezekiel papers	Ezekiel, Moses Jacob, 1844-1917 | Markens, Isaac, 1846-1928 | Krause, Max	1872-1908	1	0	0	0	0	1	1	0	Correspondence	eng | Latn | ger | Latn | English and German	https://archives.cjh.org/repositories/3/resources/2698
9	3	American Jewish Historical Society	2710	Meyer Kayserling papers	Kayserling, Meyer, 1829-1905	undated, 1859-1865	1	0	0	0	0	2	0	0		eng | Latn | ger | Latn	https://archives.cjh.org/repositories/3/resources/2710
9	3	American Jewish Historical Society	2776	Mendel Rosenbaum of Zell Collection	Rosenbaum, Mendel, 1783-1868	1868-1973	1	0	0	0	0	2	0	0		eng | Latn | ger | Latn	https://archives.cjh.org/repositories/3/resources/2776
9	3	American Jewish Historical Society	2799	Edward Albert Filene papers	Marlowe, Julia, 1865-1950	1918-1937	1	0	0	0	0	2	0	0		eng | Latn	https://archives.cjh.org/repositories/3/resources/2799
9	3	American Jewish Historical Society	2851	Benjamin Roth Collection	Roth, Benjamin	undated, 1854, 1952-1969	0	1	0	0	0	2	0	0	Ethical letters	eng | Latn | ger | Latn | heb | Hebr	https://archives.cjh.org/repositories/3/resources/2851
9	3	American Jewish Historical Society	6101	Emma Lazarus Papers	Lazarus, Emma, 1849-1887	undated, 1876-1987 | undated, 1876-1987	1	0	0	0	0	2	0	0	Poetry | Articles | Correspondence | Notebooks | Obituaries | Poems | Scrapbooks	eng | Latn | heb | Hebr | The collection is in English and Hebrew.	https://archives.cjh.org/repositories/3/resources/6101
9	3	American Jewish Historical Society	879	Richard Beer-Hoffmann letters	Beer-Hofmann, Richard, 1866-1945 | Heimann, Moritz, 1868-1925	1911, 1916	1	0	0	0	0	2	0	0		eng | Latn	https://archives.cjh.org/repositories/3/resources/879
9	4	American Sephardi Federation	3671	Guide to the Tamar Morad, Dennis and Robert Shasha Collection of Iraqi Jewish Oral Histories	Shasha, Robert	circa 1900, 1930s-2007 | 2003-2007	0	1	0	0	0	1	0	4	Interviews | Memoirs | Photographs | Poems | Sound recordings | Transcripts	eng | eng | heb | fre | spa | ara | The collection is in English and Hebrew, with a few items in French and Spanish and reproductions of two documents in Arabic.	https://archives.cjh.org/repositories/4/resources/3671
9	7	YIVO Institute for Jewish Research	20489	Nellie Casman Papers	Casman, Nellie, 1896-1984	undated	1	0	0	0	0	2	0	0		yid | eng | spa	https://archives.cjh.org/repositories/7/resources/20489
9	7	YIVO Institute for Jewish Research	21105	David Shub Collection	Shub, David, 1887-1973	1909 -- 1980	1	0	0	0	0	1	0	2		yid | Hebr | rus | Cyrl | eng | Latn | ger | Latn	https://archives.cjh.org/repositories/7/resources/21105
9	7	YIVO Institute for Jewish Research	21168	Simon Chudhi Papers	Chudhi, Simon	1915 -- 1949	0	1	0	0	0	1	0	8	Photographic prints | Diaries	yid	https://archives.cjh.org/repositories/7/resources/21168
9	7	YIVO Institute for Jewish Research	21222	Papers of Abraham Coralnik	Coralnik, Abraham, 1883-1937	1920s-1930	1	0	0	0	0	1	1	0		eng	https://archives.cjh.org/repositories/7/resources/21222
9	7	YIVO Institute for Jewish Research	21348	Isidor Ginsburg Papers	Ginzburg, I. (Iser), 1872-1947	1894 -- 1947	1	0	0	0	0	1	1	0		yid	https://archives.cjh.org/repositories/7/resources/21348
9	7	YIVO Institute for Jewish Research	21357	Jacob Pilowsky Papers	Piloṿsḳi, Yaʻaḳov, 1898-1969	1935 -- 1963	1	0	0	0	0	1	1	0		yid	https://archives.cjh.org/repositories/7/resources/21357
9	7	YIVO Institute for Jewish Research	21370	Papers of Benjamin Jacob Bialostotzky	Bialostotzky, B. J. (Benjamin Jacob), 1892-1962	1929 -- 1963	1	0	0	0	0	1	1	0		eng	https://archives.cjh.org/repositories/7/resources/21370
9	7	YIVO Institute for Jewish Research	21375	Papers of Henry Shoshkes	Shoskes, Henry, 1891-1964	1930s-1962	1	0	0	0	0	1	0	2	Jewish women -- Personal narratives	eng | yid	https://archives.cjh.org/repositories/7/resources/21375
9	7	YIVO Institute for Jewish Research	21399	Papers of Chaim Bloch	Bloch, Chajim, 1881-1973	1920s-1960s	1	0	0	0	0	2	0	0		eng | yid | heb	https://archives.cjh.org/repositories/7/resources/21399
9	7	YIVO Institute for Jewish Research	21406	Mark Mrachny Papers	Mrachny, Mark, 1892-1975	1930s-1950s	1	0	0	0	0	1	1	0	Yiddish language -- Societies, etc.	yid	https://archives.cjh.org/repositories/7/resources/21406
9	7	YIVO Institute for Jewish Research	21449	Shlomo Bickel Papers	Bickel, Shlomo, 1896-1969	1920s-1969	1	0	0	0	0	1	1	0	Jews -- Biography | Jews -- Dictionaries | Jews -- Encyclopedias | Yiddish language -- Societies, etc.	yid	https://archives.cjh.org/repositories/7/resources/21449
9	7	YIVO Institute for Jewish Research	21502	Papers of Lucjan Dobroszycki	Dobroszycki, Lucjan (1925-01)	1939 -- 1947	0	1	0	0	0	1	0	3	Diaries	eng	https://archives.cjh.org/repositories/7/resources/21502
9	7	YIVO Institute for Jewish Research	21526	Papers of David Lehrer	Lehrer, David, 1898-1973	1940 -- 1970	1	0	0	0	0	1	0	2		eng | yid	https://archives.cjh.org/repositories/7/resources/21526
9	7	YIVO Institute for Jewish Research	21554	Isaiah Kuperstein Papers	Kuperstein, Isaiah, 1950-	1940 -- 1947	1	0	0	0	0	1	0	4	Interviews | Photographic prints	eng | yid	https://archives.cjh.org/repositories/7/resources/21554
9	7	YIVO Institute for Jewish Research	21596	William G. Niederland Papers	Niederland, William G., 1904-1993	undated	1	0	0	0	0	1	0	5		eng	https://archives.cjh.org/repositories/7/resources/21596
9	7	YIVO Institute for Jewish Research	21959	Yizhak Levin-Shatskes Papers	Levin-Shatskes, Yizhak, 1892-1963	1920s-1960s	1	0	0	0	0	1	1	0	Passports	eng	https://archives.cjh.org/repositories/7/resources/21959
9	7	YIVO Institute for Jewish Research	22040	Nodar Djindjikhashvili Collection	Djindjikhashvili, Nodar, 1939-	1978 -- 1979	1	0	0	0	0	2	0	0		rus	https://archives.cjh.org/repositories/7/resources/22040
9	7	YIVO Institute for Jewish Research	22118	Rachel (Shoshke) Erlich Papers	Erlich, Rachel, 1909-1991	1934 -- 1984	1	0	0	0	0	2	0	0		yid | ger	https://archives.cjh.org/repositories/7/resources/22118
9	7	YIVO Institute for Jewish Research	22123	Nathan Reich Papers	Reich, Nathan, 1900-1992	1958 -- 1969	1	0	0	0	0	2	0	0		eng	https://archives.cjh.org/repositories/7/resources/22123
9	7	YIVO Institute for Jewish Research	22199	Leib Koniuchowsky Papers	Koniuchowsky, Leyb, 1910-2003	1945 -- 1950	1	0	0	0	0	2	0	0		eng	https://archives.cjh.org/repositories/7/resources/22199
9	7	YIVO Institute for Jewish Research	22245	Papers of Aaron Reuben Charney	Charney, Aaron Reuben, 1888-1970	1911-1950s	1	0	0	0	0	2	0	0		yid | heb | eng	https://archives.cjh.org/repositories/7/resources/22245
9	7	YIVO Institute for Jewish Research	22478	Julius Kuehl Collection	Kuehl, Julius, 1913-1985	1939 -- 1949	1	0	0	0	0	1	0	7		fre | Latn | pol | Latn | ger | Latn	https://archives.cjh.org/repositories/7/resources/22478
9	7	YIVO Institute for Jewish Research	22894	Papers of Eliezer Schindler	Shindler, Eliʻezer, 1892-1957 | Birnbaum, Nathan, 1864-1937 | Buber, Martin, 1878-1965 | Golomb, A. (Abraham), 1888-1982	1930 -- 1959	1	0	0	0	0	1	1	0	Correspondence	eng | yid	https://archives.cjh.org/repositories/7/resources/22894
8	3	American Jewish Historical Society	6138	Samuel Calmin Kohs papers	Kohs, S. C. (Samuel Calmin), 1890-1984	undated, 1916-1960	1	0	0	0	0	1	0	1	Bibliographies | Curricula | Lecture notes | Manuscripts (documents)	eng | Latn | The collection is in English.	https://archives.cjh.org/repositories/3/resources/6138
8	3	American Jewish Historical Society	6485	Milton Steinberg (1903-1950) Papers	Steinberg, Milton, 1903-1950	undated, 1883-2003 | 1923-1950	1	0	0	0	0	1	0	1	Rabbis -- Correspondence | Armed Forces -- Prayers and devotions | Manuscripts (documents) | Articles | Correspondence |	eng | Latn | heb | Hebr | The collection is in English with some Hebrew.	https://archives.cjh.org/repositories/3/resources/6485
8	7	YIVO Institute for Jewish Research	22088	Papers of Dov Levin	Levin, Dov, 1925-2016	1934 -- 2001	1	0	0	0	0	1	0	1		eng	https://archives.cjh.org/repositories/7/resources/22088
8	7	YIVO Institute for Jewish Research	22880	Papers of Joseph Tenenbaum	Tenenbaum, Joseph, 1887-1961	1929-1957	1	0	0	0	0	1	0	1		eng | rus | heb | yid	https://archives.cjh.org/repositories/7/resources/22880
7	3	American Jewish Historical Society	12388	Isaac Brown family papers	Brown, Isaac, 1840-1901	undated, 1871-1951	1	0	0	0	0	1	0	0		eng | Latn	https://archives.cjh.org/repositories/3/resources/12388
7	3	American Jewish Historical Society	13282	Shad Polier Papers	Polier, Shad, 1906-1976	1916-1976 | 1940 -- 1970	1	0	0	0	0	1	0	0	Correspondence | Legal files | Minutes (administrative records) | Clippings (information artifacts) | Photographs | Vita	eng | Latn | yid | Hebr | heb | Hebr | fre | Latn	https://archives.cjh.org/repositories/3/resources/13282
7	3	American Jewish Historical Society	15244	Papers of Philip Slomovitz	Slomovitz, Philip, 1896-1993	undated, 1933-1966	1	0	0	0	0	1	0	0	Correspondence | Documents (object genre)	eng | Latn | The collection is in English.	https://archives.cjh.org/repositories/3/resources/15244
7	3	American Jewish Historical Society	15513	Irving Berlin Sheet Music Collection	Berlin, Irving, 1888-1989	1908-1952	1	0	0	0	0	1	0	0	Sheet music	eng | Latn	https://archives.cjh.org/repositories/3/resources/15513
7	3	American Jewish Historical Society	15532	Boris Smolar Papers	Smolar, Boris, 1897-1986	undated, 1913-1985	1	0	0	0	0	1	0	0	Notes (documents) | Publications (documents) | Vital statistics records | Clippings (information artifacts) | Correspond	eng | Latn | heb | Hebr | yid | Hebr	https://archives.cjh.org/repositories/3/resources/15532
7	3	American Jewish Historical Society	19858	Near East Crisis collection	Glueck, Nelson, 1900-1972	1967-1971	1	0	0	0	0	1	0	0	Correspondence | Publications (documents) | Sermons	eng | Latn | The collection is in English.	https://archives.cjh.org/repositories/3/resources/19858
7	3	American Jewish Historical Society	2692	Isaac W. Bernheim papers	Bernheim, Isaac W. (Isaac Wolfe), 1848-1945 | White, Andrew Dickson, 1832-1918	1899-1938	1	0	0	0	0	1	0	0		eng | Latn	https://archives.cjh.org/repositories/3/resources/2692
7	3	American Jewish Historical Society	2723	Albert Einstein Papers	Einstein, Albert, 1879-1955 | New Century Club (Boston)	1921-1945, 1989	1	0	0	0	0	1	0	0		eng | Latn	https://archives.cjh.org/repositories/3/resources/2723
7	3	American Jewish Historical Society	2737	Reis family papers	Reis family | Hirsch, Samuel, 1815-1889	1830-1880	1	0	0	0	0	1	0	0	Ketubahs	eng | Latn | ger | Latn	https://archives.cjh.org/repositories/3/resources/2737
7	3	American Jewish Historical Society	2768	Samuel Untermyer letters	Untermyer, Samuel, 1858-1940 | Viereck, George Sylvester, 1884-1962	1917-1932	1	0	0	0	0	1	0	0		eng | Latn | ger | Latn	https://archives.cjh.org/repositories/3/resources/2768
7	3	American Jewish Historical Society	2875	Julius Klein Papers	Klein, Julius, 1901-1984	undated, 1931, 1948, 1955, 1957, 1960-1971	1	0	0	0	0	1	0	0		ger | Latn	https://archives.cjh.org/repositories/3/resources/2875
7	3	American Jewish Historical Society	5894	Judah J. Shapiro Papers	Shapiro, Judah Joseph, 1912-	undated, 1916-1980 | 1971 -- 1977	1	0	0	0	0	1	0	0	Clippings (information artifacts) | Correspondence | Press releases | Transcripts	eng | Latn | yid | Hebr	https://archives.cjh.org/repositories/3/resources/5894
7	3	American Jewish Historical Society	6145	Stephen Wise papers	Wise, Stephen S. (Stephen Samuel), 1874-1949	1841-1978	1	0	0	0	0	1	0	0		eng | Latn | heb | Hebr | yid | Hebr	https://archives.cjh.org/repositories/3/resources/6145
7	3	American Jewish Historical Society	947	Samuel Gompers Papers	Gompers, Samuel, 1850-1924	1904-1932	1	0	0	0	0	1	0	0	Correspondence	eng | Latn | The collection is in English.	https://archives.cjh.org/repositories/3/resources/947
7	7	YIVO Institute for Jewish Research	20831	Nison Lofman Papers	Lofman, Nison, 1875-1961	1878 -- 1988	1	0	0	0	0	1	0	0		eng | ger | pol | fre | yid | rus	https://archives.cjh.org/repositories/7/resources/20831
7	7	YIVO Institute for Jewish Research	21143	Papers of George M. Price	Price, George M. (George Moses), 1864-1942	1880s-1940s	1	0	0	0	0	1	0	0		eng | rus | ger	https://archives.cjh.org/repositories/7/resources/21143
7	7	YIVO Institute for Jewish Research	21224	Papers of Gershom Bader	Bader, Gershom, 1868-1953	1884 -- 1953	1	0	0	0	0	1	0	0	Photographic prints	eng | yid | heb	https://archives.cjh.org/repositories/7/resources/21224
7	7	YIVO Institute for Jewish Research	21232	Papers of Henoch Gelernt	Gelernt, Henoch, 1892-1960	1930s-1950s	1	0	0	0	0	1	0	0	Handbills	eng | yid	https://archives.cjh.org/repositories/7/resources/21232
7	7	YIVO Institute for Jewish Research	21288	Raphael Abramovitch Collection	Abramovitch, Raphael R., 1880-1963	undated	1	0	0	0	0	1	0	0	Photographic prints | Photographs	eng	https://archives.cjh.org/repositories/7/resources/21288
7	7	YIVO Institute for Jewish Research	21383	Samuel Ephraim Tiktin Papers	Tiktin, Samuel E. (Samuel Ephraim), 1875-1970	1930s-1940s	1	0	0	0	0	1	0	0	Rabbis -- Biography | Jews -- Dictionaries | Jews -- Encyclopedias | Jews -- Biography | Photographic prints	eng	https://archives.cjh.org/repositories/7/resources/21383
7	7	YIVO Institute for Jewish Research	21474	Leon M. Herbert Papers	Herbert, Leon M., 1885-1965	1930 -- 1965	1	0	0	0	0	1	0	0	Hebrew language -- Conversation and phrase book (for medical personnel) | Medicine -- Terminology | English language -- 	eng | yid | heb	https://archives.cjh.org/repositories/7/resources/21474
7	7	YIVO Institute for Jewish Research	21578	Joseph D. Lewitan Papers	Lewitan, Joseph D., 1894-1976	undated	1	0	0	0	0	1	0	0	Postcards | Paintings (visual works) | Photographic prints | Drawings (visual works)	eng	https://archives.cjh.org/repositories/7/resources/21578
7	7	YIVO Institute for Jewish Research	21993	Mordechai Danzis Papers	Dantsis, Mordekhai, 1885-1952	1901 -- 1981	1	0	0	0	0	1	0	0		eng	https://archives.cjh.org/repositories/7/resources/21993
7	7	YIVO Institute for Jewish Research	22046	Jacob Davidson Papers	Davidson, Jacob, 1892-1987	1930 -- 1987	1	0	0	0	0	1	0	0		eng | yid | heb	https://archives.cjh.org/repositories/7/resources/22046
7	7	YIVO Institute for Jewish Research	22047	Papers of David Hirsch	Hirsch, David, 1890-	1892 -- 1934	1	0	0	0	0	1	0	0		eng | yid | rum	https://archives.cjh.org/repositories/7/resources/22047
7	7	YIVO Institute for Jewish Research	22061	Saul Raskin Papers	Raskin, Saul, 1878-1966	1940	1	0	0	0	0	1	0	0		eng	https://archives.cjh.org/repositories/7/resources/22061
7	7	YIVO Institute for Jewish Research	22091	Leon Schwartz Papers	Schwartz, Leon, 1901-1990	1920s-1950s	1	0	0	0	0	1	0	0		eng	https://archives.cjh.org/repositories/7/resources/22091
7	7	YIVO Institute for Jewish Research	22113	Victor Packer Papers	Packer, Victor, 1897-1958	1920 -- 1950	1	0	0	0	0	1	0	0		eng | yid	https://archives.cjh.org/repositories/7/resources/22113
7	7	YIVO Institute for Jewish Research	22134	Papers of Jacob (Yankev) Krepliak	Ḳrepliyaḳ, Y. (Yaʻaḳov), 1885-1945	1910-1960s	1	0	0	0	0	1	0	0		yid	https://archives.cjh.org/repositories/7/resources/22134
7	7	YIVO Institute for Jewish Research	22136	Tsvi Grigorii Tsepliovitch Papers	T︠S︡epliovich, Grigoriĭ, 1908-	1960s-1980s	1	0	0	0	0	1	0	0		yid | rus | heb	https://archives.cjh.org/repositories/7/resources/22136
7	7	YIVO Institute for Jewish Research	22160	Menachem Kipnis Papers	Kipnis, Menahem, 1878-1942	undated	1	0	0	0	0	1	0	0	Photographs	yid	https://archives.cjh.org/repositories/7/resources/22160
7	7	YIVO Institute for Jewish Research	22168	Papers of James Glassman	Glassman, James, 1905-1995	1930s-1980s	1	0	0	0	0	1	0	0		eng | yid | heb | lit	https://archives.cjh.org/repositories/7/resources/22168
7	7	YIVO Institute for Jewish Research	22182	Papers of Stanislaw Szczek	Szczek, Stanislaw, 1925-	1980s-1990s	1	0	0	0	0	1	0	0		eng	https://archives.cjh.org/repositories/7/resources/22182
7	7	YIVO Institute for Jewish Research	22185	Papers of Arkadie Kouguell	Kouguell, Arkadie, 1898-1985	undated, 1916-1982	1	0	0	0	0	1	0	0		eng	https://archives.cjh.org/repositories/7/resources/22185
7	7	YIVO Institute for Jewish Research	22191	Papers of Enrico Henoch Glicenstein	Glicenstein, Henryk, 1870-1942	1920s-1940s	1	0	0	0	0	1	0	0		yid | heb	https://archives.cjh.org/repositories/7/resources/22191
7	7	YIVO Institute for Jewish Research	22193	Papers of Chaim Gininger	Gininger, Chaim, 1905-1994	1930s-1990s	1	0	0	0	0	1	0	0		eng | yid | ger	https://archives.cjh.org/repositories/7/resources/22193
7	7	YIVO Institute for Jewish Research	22203	Jeremiah Hescheles Papers	Hescheles, Jeremiah, 1910-	1940s-1950s	1	0	0	0	0	1	0	0		yid	https://archives.cjh.org/repositories/7/resources/22203
7	7	YIVO Institute for Jewish Research	22212	William Siegel Papers	Siegel, William, 1893-1966	1910s-1950s	1	0	0	0	0	1	0	0		eng | yid	https://archives.cjh.org/repositories/7/resources/22212
7	7	YIVO Institute for Jewish Research	22228	Maurice Rauch and Lillian Shapero Papers	Rauch, Maurice, 1910- | Shapero, Lillian, 1908-1988	1930s-1970s	1	0	0	0	0	1	0	0		eng	https://archives.cjh.org/repositories/7/resources/22228
7	7	YIVO Institute for Jewish Research	22255	Papers of Solomon Golub	Golub, Solomon, 1887-1952	1920s-1940s	1	0	0	0	0	1	0	0		yid | heb	https://archives.cjh.org/repositories/7/resources/22255
