score	repo_id	resource_id	title	origination	birth	death	max_year	birthplace	type_genre	genre_prose	ret_de	born_de	heimat	palestine_hit	ce_return_hit	german_places	emigre	langmaterial	geognames	genreform	snippet	url
84	7	3577	Nachman Zonabend Collection	Zonabend, Nachman			1947	unknown	0	39	9	0	1	0	0	9	52	The collection is in Polish, German, and Yiddish.	Litzmannstadt-Getto (Łódź, Poland) | Łódź (Poland)	Circulars (fliers) | Albums (books) | Photographs	Scope and Contents Supports a request by Golda W., who wishes to return to her hometown Lutomiersk. Note from the Ordnungsdienst about the arrest of the woman by the German police. Scope and Contents Rumkowski is responsible for the safety and good condition of the industrial installati	https://archives.cjh.org/repositories/7/resources/3577
76	7	3219	Papers of Philip Friedman				1993	unknown	0	57	7	0	0	0	0	19	115	The collection is in Yiddish, Hebrew, Polish, English, German, French, Russian, Ukrainian, Italian, Dutch, Spanish, Czec	Poland -- History -- Occupation, 1939-1945 | Europe | Germany | Israel | London (England) | Paris (France) | Poland | Soviet Union | Ukraine	Administrative reports | Correspondence | manuscripts (documents) | Minutes (administrative records) | clippings (information artifacts) | Notes (documents)		https://archives.cjh.org/repositories/7/resources/3219
74	3	15595	Adolf Lorch (1883-1971) Papers	Lorch, Adolf, 1883-1971	1883	1971	2013	german	0	3	0	3	1	0	0	4	0	English German	United States -- Emigration and immigration | New York (N.Y.) | Hudson (N.Y.)	Correspondence | Official documents	his help, including some relatives whom he had never met. Friends from Lorch's hometown of Dieburg also contacted him for assistance. Others who had no connection to Lorch at all wrote to him, having heard that he was willing to write affidavits. Several people were able to immigrate in	https://archives.cjh.org/repositories/3/resources/15595
71	7	3217	Papers of Shmuel Mordkhe Artur Zygielbojm				2018	unknown	0	163	6	0	0	1	0	6	88	The collection is in Yiddish and Polish, with some Russian, German, English, French, Hebrew, Spanish, Portuguese, Lithua	Poland -- Ethnic relations | London (England) | New York (N.Y.) | Poland	Administrative reports | Correspondence | clippings (information artifacts) | Posters		https://archives.cjh.org/repositories/7/resources/3217
66	6	61	Papers of Ludwig Yehuda Wolpert				1995	german	0	14	1	2	0	1	0	4	0	The collection is in English, Hebrew, and German.		clippings (information artifacts) | Correspondence | Photographs | publications (documents) | Works of art	dition to silver—aluminum and other metals, glass, plastic, wood, and textiles. Born in 1900 in Hildesheim, Germany, to a traditional Jewish family, Wolpert soon came to know and cherish his Jewish heritage. He developed an interest in art at an early age, and from 1916 until 1920, he studied sculpture in Frankfur	https://archives.cjh.org/repositories/6/resources/61
62	4	3622	Guide to the Papers of John Stern	Stern, John, 1926-1987	1926	1987	2013	german	0	3	1	1	0	0	0	3	2	The collection is in English, French, and Spanish.	Tangier (Morocco) | Rego Park (New York, N.Y.) | Spain | Tangier (Morocco) | Tétouan (Morocco)	Diaries | Notebooks | Notes (documents) | Pamphlets | publications (documents) | VHS	Biographical Note John (Hans Ulrich) Stern was born in Hamburg, Germany where he attended school until July 1933. Moving to Morocco with his parents, he attended French school in Casablanca from October 1933 until May 1935 and then a Spanish primary school in Te	https://archives.cjh.org/repositories/4/resources/3622
58	7	525	Papers of Horace Meyer Kallen				1970	german	0	4	0	2	0	1	0	5	12	The collection is in English, with some German, French and Yiddish, and with a small amount of Italian, Romanian, Spanis	Europe, Eastern | Israel | New York (N.Y.)	Correspondence | Financial records | manuscripts (documents) | clippings (information artifacts) | Photographs	Biographical Note Horace M. Kallen was born in Berenstadt, Silesia, Germany, on August 11, 1882. He was the son of Jacob David Kallen, a Hebrew scholar and Orthodox rabbi, and Esther Rebecca Glazier. He had six sisters, Ida, Dora, Mildred, Deborah, Frances, and Miri	https://archives.cjh.org/repositories/7/resources/525
57	3	6730	Ernest W. Michel (1923-2016) Papers	Michel, Ernest W., 1923-2016	1923	2016	1996	german	0	7	1	1	0	1	0	3	24	English Hebrew Yiddish German French Polish Romany Danish	Chicago (Ill.) | Michigan | New York (N.Y.) | Jerusalem	clippings (information artifacts) | Correspondence | Lectures | Photographs	Biographical Note Ernest Wolfgang Michel was born in Mannheim, Germany on July 1, 1923, to Otto, who owned a cigar factory, and Frieda (Wolff) Michel. In November of 1938, Michel's father was arrested during the deadly Kristallnacht pogrom. Michel's family tried to get	https://archives.cjh.org/repositories/3/resources/6730
53	3	19997	John Langeloth Loeb and Frances Lehman Loeb Family Papers	Lehman family | Loeb family | Bronfman family | Loeb, Frances Lehman, 1906-1996 | Loeb, John Langeloth, 1902- | Loeb, Rhoades & Co	1906	1996	1998	german	0	45	1	1	0	1	0	3	0	English	Cuba -- History | Havana (Cuba) | New York (State) -- Politics and government | Purchase (N.Y.) | Saranac Lake (N.Y.) | United States -- Biography | United States -- Politics and government	Artifacts (object genre) | Correspondence | Legal Correspondence | Photographs	ans, Lewisohns, Goldman, Sachs, Kuhns, Loebs, and Seligman families. Adolph was born in Hamburg, Germany in 1849 and immigrated to New York the same year that the Lehmans moved from Alabama to New York City: 1867. He was sixteen years old and came to the U.S. to help his mercantile brothers, fo	https://archives.cjh.org/repositories/3/resources/19997
51	7	22502	Papers of Andrea Simon				2017	unknown	0	50	1	0	1	1	0	4	42	Yiddish English Russian Belarusian Hebrew			"English translation of Shmuel Englender memories, ""The Summary of My Trip to My Home Town Volchin in Belarusia – June 1997."" \>Handwritten English translation of ""A Testimony of a citizen of the town Volchin and her name is Shpegina Vera Vladimirovna as told and taped to Shmuel Englender"	https://archives.cjh.org/repositories/7/resources/22502
48	3	15651	Ray Frank Litman (1861-1948) Papers	Litman, Ray Frank, 1864 or 1865-1948	1865	1948	1957	unknown	0	3	2	0	0	0	0	2	0	The collection is primarily in English, with some German.	Champaign (Ill.) | Chicago (Ill.) | Nevada | Oakland (Calif.) | San Francisco (Calif.) | Spokane (Wash.)	clippings (information artifacts) | Correspondence | manuscripts (documents) | programs (documents) | Scrapbooks | Sermons | speeches (documents)		https://archives.cjh.org/repositories/3/resources/15651
43	3	15591	Phillips Family papers	Phillips family			1955	german	1	12	0	1	0	0	0	1	0	The collection is in English, Yiddish, and Hebrew.	New York (State) -- Politics and government | New York (State) | Philadelphia (Pa.)	Ballots | Bylaws (administrative records) | Certificates | Correspondence | Financial records | Invitations | Legal documents | Minutes (administrative records) | clippings (information artifacts) | N	ollection. Jonas Phillips (1736-1803) fought in the American Revolutionary War. Born in Germany, he was one of the first Jewish individuals to settle in the U.S. The collection includes Phillips's prayerbook, dated to the mid-1700's, as well as a soldier's pay note. Though he was active in syna	https://archives.cjh.org/repositories/3/resources/15591
43	7	21043	Bruckheimer Family Papers				1977	german	0	6	0	1	0	0	0	3	0	German English			Biographical / Historical These papers were donated by Max Bruckheimer, who was born c. 1903 in Wertheim/Main, Germany. In 1923 he obtained a merchant license to work in the business of his father, Isak. He left Germany in August 1939 after obtaining a U.K. entry visa. He settled in New York City in Jun	https://archives.cjh.org/repositories/7/resources/21043
37	3	15652	Moses Family of New York Papers	Moses family			1971	german	0	34	0	1	0	0	0	1	0	The collection is in English with some Hebrew.	United States -- History -- Civil War, 1861-1865 -- Jews | New York (N.Y.) | Philadelphia (Pa.) | Madras (India : District) | Kolkata (India)	Newspaper clippings | clippings (information artifacts) | Biographies (literary works) | Receipts (financial records) | personal correspondence | Diaries | Correspondence | Scrapbooks | Photographs	"prominent Jewish family since the American Revolution. Isaac Moses (1742-1818). born in Giessen, Germany, moved to New York in 1764. In 1766 he became a ""freeman"" of New York City. He worked in his uncle, Hayman Levy's, mercantile firm until he established Isaac Moses and Company with two business partn"	https://archives.cjh.org/repositories/3/resources/15652
37	4	189	Walter P. Zenner Papers	Zenner, Walter P.			2001	german	0	5	0	1	0	0	0	1	0	This collection is in English and Hebrew.			Biographical Note Walter P. Zenner was born on 18 October, 1933 in Nuremberg, Germany. He graduated in 1955 with B.A. in Anthropology from Northwestern University. In 1958 he received an M.A. in Anthropology from Columbia University, and in 1960, he earned an M.H.L in Judaica from the	https://archives.cjh.org/repositories/4/resources/189
36	7	21639	Papers of Rudolf Martin Cheim	Cheim, Rudolf Martin, 1905-			1948	german	0	1	0	1	0	0	0	2	8	English		Identity cards | Postcards | photographic prints	Biographical / Historical Rudolf Martin Cheim was born in 1905 in Berlin. At the time of the Holocaust, he was living in Amsterdam. During the Holocaust, he was incarcerated in a series of camps, including Westerbork, Trobitz, and ultimately Bergen-Belsen. In Bergen-Belse	https://archives.cjh.org/repositories/7/resources/21639
36	7	22531	Papers of Channa Kleinerman Goldstein				1987	german	0	2	0	1	0	0	0	2	0	Yiddish English			a Kleinerman Goldstein was a translator of Hebrew, German, and Yiddish. She was born in Dresden and educated at New York University and the Herzliya Hebrew Teachers Seminary. She translated, together with Inna Hecker Grade, a memoir of Chaim Grade's, My Mother's Sabbath Days , as well as his sh	https://archives.cjh.org/repositories/7/resources/22531
35	3	15533	Marvin Lowenthal, papers	Lowenthal, Marvin, 1890-1969	1890	1969	1959	unknown	0	8	1	0	0	1	0	3	2	The collection is in English, French, German, and Yiddish.	Germany | United States -- Relations	Correspondence | Diaries | Drafts (documents) | Journals | Memorabilia | Notes (documents) | Photographs | Reviews (documents) | Typescripts		https://archives.cjh.org/repositories/3/resources/15533
34	7	22619	Papers of Mordechai Bernstein				1949	unknown	0	1	1	0	0	0	0	7	0	German				https://archives.cjh.org/repositories/7/resources/22619
31	7	19910	Autobiographies of Jewish Youth in Poland	Kligsberg, Moshe | Weinreich, Max, 1894-1969 | Yidisher ṿisnshafṭlekher insṭiṭuṭ	1894	1969	1940	unknown	0	72	0	0	0	0	0	6	3	The collection is in Yiddish, with some Polish, German, Hebrew, English, Russian, Serbo-Croatian, French, and Czech.	Poland -- Economic conditions -- 1918-1945 | Belarus | Galicia (Poland and Ukraine) | England | Poland | Lithuania | Romania | Palestine -- History -- 1917-1948	Autobiographies (literary works) | Diaries		https://archives.cjh.org/repositories/7/resources/19910
31	7	22550	YIVO Clubs, Circles, and Lectures				1952	unknown	0	13	0	0	0	0	0	10	10	Yiddish English German				https://archives.cjh.org/repositories/7/resources/22550
30	3	15537	Walter Hart Blumenthal papers	Blumenthal, Walter Hart, 1883-1969	1883	1969	1969	unknown	0	8	1	0	0	0	0	1	0	The collection is in English.	New York (N.Y.) | Philadelphia (Pa.)	Articles | clippings (information artifacts) | Correspondence | Diaries | manuscripts (documents) | Photographs | Poems | Sheet music		https://archives.cjh.org/repositories/3/resources/15537
29	3	13265	Leon J. Obermayer, papers	Obermayer, Leon J.			1978	unknown	0	2	1	0	0	0	0	2	0	The collection is in English.	Philadelphia (Pa.)	Articles | Correspondence | clippings (information artifacts) | Reports | speeches (documents) | Correspondence		https://archives.cjh.org/repositories/3/resources/13265
28	3	946	Sallyann Sack Papers	Sack, Sallyann Amdur, 1936-			2007	unknown	0	18	0	0	0	0	0	4	4	English French German Hebrew Lithuanian Russian Swedish Yiddish	New York (N.Y.) | New York (State) | Israel	Correspondence | Color photographs | Black-and-white photographs | Audiocassettes | Articles | Newsletters | negatives (photographs)		https://archives.cjh.org/repositories/3/resources/946
28	7	19900	Elias Tcherikower Collection	Cherikover, I. M., 1881-1943	1881	1943	1976	unknown	0	12	0	0	0	0	0	4	2	Yiddish Russian Polish Ukrainian Belarusian German Hebrew English Lithuanian French		Correspondence | Minutes (administrative records) | Official documents | Official reports | Petitions | manuscripts (documents) | Photographs | Diaries | Memoirs		https://archives.cjh.org/repositories/7/resources/19900
28	7	21394	Leibush Lehrer Papers	Lehrer, Leibush, 1887-1964	1887	1964	1968	unknown	0	8	0	0	0	0	0	4	2	English		Yiddish language -- Societies, etc.		https://archives.cjh.org/repositories/7/resources/21394
28	7	3438	Joseph Perkins Chamberlain Papers				1951	unknown	0	16	0	0	0	0	0	4	121	The collection is in English.	United States -- Emigration and immigration			https://archives.cjh.org/repositories/7/resources/3438
27	7	22726	Papers of Rae Berkowitz Harris				1948	unknown	0	1	1	0	0	0	0	2	1	English				https://archives.cjh.org/repositories/7/resources/22726
26	3	13251	Max James Kohler Papers				1963	unknown	0	51	0	0	0	1	0	6	2	The collection is in English, German, French, Yiddish, Hebrew, and Italian.	United States -- Emigration and immigration | United States -- Emigration and immigration | Galveston (Tex.) | Jamaica -- Civilization | Jamaica -- History | United States -- History -- Revolution, 1775-1783 | New York (N.Y.) | Jamaica	Articles | clippings (information artifacts) | Histories (literary works) | Legal Correspondence | Legal documents | Pamphlets | personal correspondence | Scrapbooks		https://archives.cjh.org/repositories/3/resources/13251
26	7	13244	Mizrakh Yidisher Historisher Arkhiv	Cherikover, I. M., 1881-1943	1881	1943	1956	unknown	0	32	0	0	0	1	0	5	2	The collection is in Russian and Yiddish, with Ukrainian, German, French, English, Polish, Hebrew, and Spanish.	Ukraine -- Ethnic relations | Ukraine -- History -- Revolution, 1917-1921 | Ukraine | Poland | Belarus | France | Russia	Correspondence | Official documents | Newspapers | Petitions | Documentary photographs | Minutes (administrative records) | Official reports | clippings (information artifacts) | Resolutions (administ		https://archives.cjh.org/repositories/7/resources/13244
26	7	19985	Abraham Sutzkever-Szmerke Kaczerginski Historical Collection	Sutzkever, Abraham, 1913-2010 | Kaczerginski, Szmerke, 1908-1954 | Strashun, Mathias, -1885 | Sholem Aleichem, 1859-1916 | S. Ansky Historic	1913	2010	1941	unknown	0	149	0	0	0	1	0	6	2	Yiddish Hebrew German Russian		manuscripts (documents) | Correspondence | Contracts | Registers (lists) | Short stories | Financial records		https://archives.cjh.org/repositories/7/resources/19985
26	7	20148	Vilna Collection				1947	unknown	0	18	0	0	0	0	0	4	1	Yiddish Hebrew Ukrainian Russian German English French Dutch; Flemish Polish Lithuanian Belarusian		Correspondence | Reports | Minutes (administrative records) | Bibliographies | Birth certificates | Travel documents | Lists (document genres) | Financial records | Newspaper clippings | Petitions		https://archives.cjh.org/repositories/7/resources/20148
25	3	228	Papers of Aliza Greenblatt (1885-1975)	Greenblatt, Aliza, 1888-1975	1888	1975	1993	unknown	0	10	1	0	0	1	0	1	0	Yiddish English Hebrew Russian French	Atlantic City (N.J.) | New York (N.Y.) | Philadelphia (Pa.) | Sea Gate (New York, N.Y.)	clippings (information artifacts) | Correspondence | manuscripts (documents) | Newsletters | Poems | programs (documents) | publications (documents) | Sheet music		https://archives.cjh.org/repositories/3/resources/228
25	7	21050	Herman Bernstein Papers	Bernstein, Herman, 1876-1935	1876	1935	1935	unknown	0	18	0	1	0	0	0	1	0	The collection is in English, Yiddish, Russian, German, Polish, and French.			lator, diplomat, and advocate for the rights of the Jews of Eastern Europe, was born in Neustadt-Schwerwindt on the Russo-German border on September 21, 1876. He was the son of David and Marie (Elsohn) Bernstein. In 1893 Bernstein immigrated to the United States, where he completed his education. He married Sophie Friedman on	https://archives.cjh.org/repositories/7/resources/21050
24	3	2851	Benjamin Roth Collection	Roth, Benjamin			1969	unknown	1	6	0	0	0	0	0	2	0	English German Hebrew		Ethical letters		https://archives.cjh.org/repositories/3/resources/2851
24	7	20132	Collection on Jewish Customs				1941	unknown	0	15	0	0	0	1	0	9	1	The collection is primarily in Hebrew, Yiddish, and German, with some Russian, Polish, English, Dutch, and French.	Leipzig (Germany) | Kaliningrad -- Kaliningradskai︠a︡ oblastʹ (Russia) -- Königsberg (Prussia) -- Koenigsberg | Frankfurt am Main (Germany) | Vilnius (Lithuania)	Announcements | Correspondence | Divorce records | Invitations | Ketubahs | Newspaper clippings | Photographs | Picture postcards | Postcard albums | plaques (flat objects) | Prayers (compositions) | 		https://archives.cjh.org/repositories/7/resources/20132
23	3	15519	Jesse B. Calmenson, papers	Calmenson, Jesse B., 1892-1952	1892	1952	1996	unknown	0	3	0	0	0	0	0	3	1	The collection is in English and German.	Palestine -- History | Saint Paul (Minn.)	Agendas (administrative records) | Announcements | Articles | Ballots | Bylaws (administrative records) | Certificates of incorporation | Correspondence | Dedications (ceremonies) | Financial statemen		https://archives.cjh.org/repositories/3/resources/15519
23	3	37	Morris U. Schappes Papers				2004	unknown	0	14	0	0	0	0	0	3	1	The collection is in English, with some materials in Yiddish. A few items are in Russian, Hebrew, German, and French.	United States | New York (N.Y.)	Cards (information artifacts) | clippings (information artifacts) | Correspondence | Drafts (documents) | Legal documents | Notes (documents) | Photographs | Research notes | speeches (documents)		https://archives.cjh.org/repositories/3/resources/37
23	7	22563	Papers of Chaim (Khayim) Beider				2001	unknown	0	11	0	0	0	0	0	3	1	Yiddish Russian Ukrainian				https://archives.cjh.org/repositories/7/resources/22563
23	7	22585	Bund Photographs				2003	unknown	0	1	0	0	0	0	0	5	6	English				https://archives.cjh.org/repositories/7/resources/22585
22	7	20633	Papers of Rochelle G. Saidel	Saidel, Rochelle G.			1989	unknown	0	12	0	0	0	0	0	2	83	English Yiddish Portuguese German Hebrew French Spanish; Castilian				https://archives.cjh.org/repositories/7/resources/20633
22	7	22904	Georgian Territorial Collection				1959	unknown	0	9	0	0	0	0	0	2	2	French German Yiddish Russian Georgian				https://archives.cjh.org/repositories/7/resources/22904
21	3	2719	Louis Stern Papers	Stern, Louis, 1893-			1962	unknown	0	3	0	0	0	0	0	3	0	English	United States -- Emigration and immigration			https://archives.cjh.org/repositories/3/resources/2719
21	3	6199	Sulzberger family collection	Sulzberger, Mayer, 1843-1923 | Sulzberger, Arthur Hays, 1891-1968 | Sulzberger family	1843	1923	1953	unknown	0	4	0	0	0	0	0	3	0	German	Germany -- Emigration and immigration	Wills		https://archives.cjh.org/repositories/3/resources/6199
20	7	20990	Kurt Richard Grossman Papers				1945	unknown	0	1	0	0	0	0	0	4	3	English				https://archives.cjh.org/repositories/7/resources/20990
20	7	3406	Papers of Virginia Dorsey Lightfoot				1941	unknown	0	1	0	0	0	0	0	4	4	The collection is in English, with a few items in German.	Germany | Maryland | Wrocław (Poland)	Correspondence | Lists (document genres) | Photographs		https://archives.cjh.org/repositories/7/resources/3406
20	7	3593	Papers of Abraham Goldfaden				1956	unknown	0	6	0	0	0	0	0	2	1	The collection is in Yiddish, with some German, French, English, Hebrew, Russian, Polish and Spanish.	London (England) | New York (N.Y.) | Paris (France) | Poland | Romania | Russia	Correspondence | manuscripts (documents) | clippings (information artifacts) | Photographs | programs (documents)		https://archives.cjh.org/repositories/7/resources/3593
19	7	22573	Workmen's Circle Collection				2004	unknown	0	74	0	0	0	0	0	1	2	Materials in Yiddish and English; a few items in Russian, Spanish, Hebrew, German, and Romanian.				https://archives.cjh.org/repositories/7/resources/22573
19	7	22760	Papers of Roman Blit				1999	unknown	0	17	0	0	0	0	0	1	4	Materials mainly in Polish, with English and Yiddish, and some Russian, German, and Swedish documents.		personal correspondence | Newspaper clippings | Photographs		https://archives.cjh.org/repositories/7/resources/22760
19	7	3271	Papers of Benjamin Eichler				1980	unknown	0	3	0	0	0	0	0	1	3	The collection is in Slovak and German, with a few items in English and Hebrew.	Slovakia -- Ethnic relations | Bratislava (Slovakia) | Czechoslovakia | Slovakia	Autobiographies (literary works) | Financial records | Grave Registers | Minutes (administrative records) | Testimonies		https://archives.cjh.org/repositories/7/resources/3271
18	3	13278	Metz-Greene-Stone Family Papers	Metz family | Greene family | Stone family			2015	unknown	0	5	0	0	0	0	0	2	0	English Hebrew	Queens (New York, N.Y.) | New York (N.Y.)	awards | Audiocassettes | Articles | Books | clippings (information artifacts) | Correspondence | Diaries | Diplomas | ephemera (general object genre) | Marriage records | programs (documents) | Phono		https://archives.cjh.org/repositories/3/resources/13278
18	3	2669	Irene S. Woods papers	Woods, Irene S., 1921-			1991	unknown	0	2	0	0	0	0	0	2	3	English	Germany			https://archives.cjh.org/repositories/3/resources/2669
18	3	2799	Edward Albert Filene papers	Filene, E. A. (Edward Albert), 1860-1937 | Warburg, Paul M. (Paul Moritz), 1868-1932 | Marlowe, Julia, 1865-1950	1860	1937	1937	unknown	0	6	0	0	0	0	0	2	0	English				https://archives.cjh.org/repositories/3/resources/2799
18	7	20652	Judith Malina Collection	Malina, Judith, 1926-2015	1926	2015	2013	unknown	0	2	0	0	0	0	0	2	9	English				https://archives.cjh.org/repositories/7/resources/20652
18	7	20790	Papers of Lawrence Taub	Taub, Lawrence			2018	unknown	0	2	0	0	0	0	0	2	2	English Hebrew Japanese German Swedish Hindi				https://archives.cjh.org/repositories/7/resources/20790
18	7	20878	Papers of Gustaw and Jan Ryszard Bychowski	Bychowski, Gustav, 1895-1972	1895	1972	1973	unknown	0	6	0	0	0	0	0	2	0	Polish, English, Russian, German.				https://archives.cjh.org/repositories/7/resources/20878
18	7	21042	Papers of Gustave Eisner				1938	unknown	0	5	0	0	0	0	0	2	0	Yiddish Polish Russian English		Archival materials		https://archives.cjh.org/repositories/7/resources/21042
18	7	22158	Jacob Levin Papers	Leṿin, Yaʻaḳov, 1884-1958	1884	1958	1975	unknown	0	8	0	0	0	0	0	2	0	English Yiddish				https://archives.cjh.org/repositories/7/resources/22158
17	3	5999	Irwin H. Krasna Papers				2003	unknown	0	1	1	0	0	1	0	1	0	English Hebrew	Soviet Union | United States	Audiocassettes | manuscripts (documents) | Photographs		https://archives.cjh.org/repositories/3/resources/5999
17	3	6487	Steven Siegel Papers	Siegel, Steven W., 1946-			2008	unknown	0	1	0	0	0	0	0	3	6	English German Polish Yiddish Russian	United States | New York (N.Y.) | Europe	Correspondence | Official documents | clippings (information artifacts) | Legal documents		https://archives.cjh.org/repositories/3/resources/6487
15	3	15598	Jacobi-Schlossberg Family Papers	Jacobi, Sarah Simon, 1857-1943 | Jacobi, Freda Moritz, 1886-1939 | Jacobi-Schlossberg, Alice, 1912-1987 | Schlossberg-Miller, Deda, 1940-	1857	1943	2000	unknown	0	8	0	0	0	0	0	1	0	The collection is in English, German, Yiddish, and Hebrew.	Boston (Mass.) | Long Island (N.Y.) | New Orleans (La.) | New York (N.Y.) | Philadelphia (Pa.) | Woodmere (N.Y.)	Correspondence | Diaries | Photographs | School records		https://archives.cjh.org/repositories/3/resources/15598
15	3	18395	Sarah Kussy Papers	Kussy, Sarah, 1869-1956	1869	1956	1945	unknown	0	5	0	0	0	0	0	1	0	The collection is in English.	Newark (N.J.)	Diaries | Minute Books | Typescripts		https://archives.cjh.org/repositories/3/resources/18395
15	3	19716	Philip Cowen Papers	Cowen, Philip, 1853-1943	1853	1943	1935	unknown	0	11	0	0	0	0	0	1	0	"The collection is in English, Russian, German, French, and Chinese.
The collection is in English, Russian, German, Frenc"	United States -- Emigration and immigration	clippings (information artifacts) | publications (documents) | Correspondence | Testimonials | Surveys (documents) | Research (documents) | Photographs		https://archives.cjh.org/repositories/3/resources/19716
15	3	19864	Robert Allen Simon Papers	Simon, Robert Allen, 1942-1969 | Simon, Mary	1942	1969	1983	unknown	0	8	0	0	0	0	0	1	0	English	Miami (Fla.) | New York (N.Y.)	Civil court records | clippings (information artifacts) | Correspondence | Notebooks | Photographs | School records | textbooks | Essays		https://archives.cjh.org/repositories/3/resources/19864
15	3	2723	Albert Einstein Papers	Einstein, Albert, 1879-1955 | New Century Club (Boston)	1879	1955	1989	unknown	0	6	0	0	0	0	0	1	0	English				https://archives.cjh.org/repositories/3/resources/2723
15	3	2854	Spielberger family papers	Spielberger family			1969	unknown	0	3	0	0	0	0	0	1	0	Collection is in English and German.	Europe -- Emigration and immigration | Akron (Ohio)	Greeting cards | Calendars (documents)		https://archives.cjh.org/repositories/3/resources/2854
15	3	606	Jacob Filemann Letter	Filemann, Jacob | Josephson, Myer			1974	unknown	0	4	0	0	0	0	0	1	0	English Yiddish	United States -- Relations -- Great Britain | Reading (Pa.)			https://archives.cjh.org/repositories/3/resources/606
15	3	6145	Stephen Wise papers	Wise, Stephen S. (Stephen Samuel), 1874-1949	1874	1949	1978	unknown	0	5	0	0	0	0	0	1	0	English Hebrew Yiddish	Portland (Or.) | New York (N.Y.) -- Politics and government | United States -- Politics and government | United States -- Relations | United States			https://archives.cjh.org/repositories/3/resources/6145
15	7	20054	Jewish Music Societies Collection				1940	unknown	0	3	0	0	0	0	0	1	0	The collection is in Russian and Yiddish with some French, German, and Hebrew		Correspondence | Lists (document genres) | Posters | memorandums | fliers (printed matter) | Financial records | Receipts (financial records) | Minutes (administrative records)		https://archives.cjh.org/repositories/7/resources/20054
15	7	20139	Papers of Joseph Regensburg				1939	unknown	0	3	0	0	0	0	0	1	0	German				https://archives.cjh.org/repositories/7/resources/20139
15	7	21168	Simon Chudhi Papers	Chudhi, Simon			1949	unknown	0	2	0	0	0	0	0	1	8	Yiddish		photographic prints | Diaries		https://archives.cjh.org/repositories/7/resources/21168
15	7	21345	Mendl Elkin Papers	Elḳin, Mendl, 1874-1962	1874	1962	1961	unknown	0	11	0	0	0	0	0	1	0	English Yiddish	New York (N.Y.)	photographic prints | Drawings (visual works)		https://archives.cjh.org/repositories/7/resources/21345
15	7	21554	Isaiah Kuperstein Papers	Kuperstein, Isaiah, 1950-			1947	unknown	0	2	0	0	0	0	0	1	4	English Yiddish	Łódź (Poland) | Litzmannstadt-Getto (Łódź, Poland)	interviews | photographic prints		https://archives.cjh.org/repositories/7/resources/21554
15	7	22100	Glenn Family Collection	Glenn family			1978	unknown	0	3	0	0	0	0	0	1	0	English Yiddish				https://archives.cjh.org/repositories/7/resources/22100
15	7	22155	Papers of David Ignatoff	Ignatoff, David, 1885-1954	1885	1954	1954	unknown	0	7	0	0	0	0	0	1	0	English Yiddish				https://archives.cjh.org/repositories/7/resources/22155
15	7	22451	Papers of Celia S. Heller	Heller, Celia Stopnicka			2001	unknown	0	3	0	0	0	0	0	1	0	English German Yiddish Spanish; Castilian Hebrew Polish				https://archives.cjh.org/repositories/7/resources/22451
15	7	22907	Party of Socialists Revolutionaries Collection				1972	unknown	0	6	0	0	0	0	0	1	0	English				https://archives.cjh.org/repositories/7/resources/22907
14	3	15239	Rabbi Abraham Haselkorn (1905-1982) WWII Papers	Haselkorn, Abraham, 1905-1982	1905	1982	1944	unknown	0	1	0	0	0	0	0	2	2	English French German	France | Germany | Le Mans (France)	advertisements | Black-and-white photographs | clippings (information artifacts) | Invitations | Leaflets (printed works) | Money (objects) | Pamphlets | personal correspondence | Playbills | Postcard		https://archives.cjh.org/repositories/3/resources/15239
14	3	15708	Leon David Crestohl, papers	Crestohl, Leon David, 1900-1963	1900	1963	1963	unknown	0	2	0	0	0	0	0	2	0	The collection is in English, French, Greek, Hebrew, Italian, Polish, Russian, Spanish, and Yiddish.	Canada -- Emigration and immigration | Canada | Germany | Montreal (Quebec)	clippings (information artifacts) | Correspondence | Memoirs | Memorabilia | Photographs | speeches (documents)		https://archives.cjh.org/repositories/3/resources/15708
14	3	6403	Nettie Friede Kosminsky, papers	Kosminsky, Nettie Friede, 1888-			1980	unknown	0	2	0	0	0	0	0	2	0	The collection is in English.	Missouri	Booklets | Legal documents | clippings (information artifacts) | speeches (documents)		https://archives.cjh.org/repositories/3/resources/6403
14	3	6731	Morris Gordon Papers	Gordon, Morris, 1914-2005	1914	2005	2006	unknown	0	4	0	0	0	1	0	1	3	English Hebrew Chinese	Burma Road (China and Burma)	Correspondence | Memoirs | Photographs		https://archives.cjh.org/repositories/3/resources/6731
14	3	903	Freund family collection	Fleischauer, Marcus, approximately 1804- | Gerstle, George Washington, approximately 1842-approximately 1859 | Freund, Jacob, 1841- | Freund			1936	unknown	0	2	0	0	0	0	0	2	0	English German				https://archives.cjh.org/repositories/3/resources/903
14	4	3671	Guide to the Tamar Morad, Dennis and Robert Shasha Collection of Iraqi Jewish Oral Histories	Shasha, Robert			2007	unknown	0	26	0	0	0	1	0	1	5	The collection is in English and Hebrew, with a few items in French and Spanish and reproductions of two documents in Ar	Baghdad (Iraq) | Iraq | Israel | London (England) | New York (N.Y.) | United States	interviews | Memoirs | Photographs | Poems | Sound recordings | Transcripts		https://archives.cjh.org/repositories/4/resources/3671
14	4	3789	Guide to the Isaac Bitton (1926- ) Papers				1997	unknown	0	32	0	0	0	1	0	1	7	The collection is in English and Portuguese.	Spain | Portugal | Faro (Portugal) | Woodstock (Ill.) | Azores | Ponta Delgada (Azores)	clippings (information artifacts) | photocopies | Correspondence | speeches (documents) | Pamphlets		https://archives.cjh.org/repositories/4/resources/3789
14	7	22884	Gregor Raskin Collection				1950	unknown	0	1	0	0	0	0	0	2	2	English German German, Middle High (ca.1050-1500)				https://archives.cjh.org/repositories/7/resources/22884
13	3	13254	Cyrus Adler Papers	Adler, Cyrus, 1863-1940	1863	1940	1937	unknown	0	2	0	0	0	0	0	1	1	The collection is in English, with some Hebrew and Yiddish.	United States -- Emigration and immigration | United States -- History -- Sources | United States -- Statistics | Russia			https://archives.cjh.org/repositories/3/resources/13254
13	3	18376	Justine Wise Polier and Eleanor Roosevelt Correspondences	Polier, Justine Wise, 1903-1987 | Roosevelt, Eleanor, 1884-1962	1903	1987	1972	unknown	0	2	0	0	0	1	0	2	2	English	New York (N.Y.)	Correspondence		https://archives.cjh.org/repositories/3/resources/18376
13	7	22526	Paul Lourié Collection				1952	unknown	0	1	0	0	0	0	0	3	0	German Polish English				https://archives.cjh.org/repositories/7/resources/22526
12	3	15553	Graenum Berger Papers				2002	unknown	0	6	0	0	0	1	0	1	1	The collection is in English with some materials in Hebrew, Amharic, French, and German.	Ethiopia -- History | Ethiopia -- Social conditions | Ethiopia -- Politics and government | Ethiopia | Israel | Palestine | Sudan | Kenya | Africa | Pelham (N.Y.) | Gloversville (N.Y.) | Suriname | West Indies | Ethiopia	clippings (information artifacts) | Minutes (administrative records) | Reports | manuscripts (documents) | Research (documents) | Articles | Photographs | Pamphlets | publications (documents) | epheme		https://archives.cjh.org/repositories/3/resources/15553
12	3	15562	Admiral Lewis Lichtenstein Strauss Papers				1973	unknown	0	1	0	0	0	0	0	2	1	The collection is in English, German, French, Hebrew, and Yiddish.				https://archives.cjh.org/repositories/3/resources/15562
12	3	2753	Ehrlich Family Papers	Ehrlich family			1946	unknown	0	1	0	0	0	0	0	2	1	German	Brazil			https://archives.cjh.org/repositories/3/resources/2753
11	3	13291	Jack Minker (1927- ) Papers	Minker, Jack			2011	unknown	0	2	0	0	0	0	0	1	0	English Russian	Soviet Union -- Politics and government -- 1953-1985 | United States | Soviet Union	clippings (information artifacts) | Correspondence | memorandums | Newsletters | Notes (documents) | Pamphlets | Photographs | Press releases | publications (documents) | Reports		https://archives.cjh.org/repositories/3/resources/13291
11	3	2692	Isaac W. Bernheim papers	Bernheim, Isaac W. (Isaac Wolfe), 1848-1945 | White, Andrew Dickson, 1832-1918	1848	1945	1938	unknown	0	2	0	0	0	0	0	1	0	English	Louisville (Ky.) | Denver (Colo.)			https://archives.cjh.org/repositories/3/resources/2692
11	3	2807	Helena M. Kirstein Scrapbook	Kirstein, Helena M.			1933	unknown	0	2	0	0	0	0	0	1	0	English	Palestine -- Emigration and immigration			https://archives.cjh.org/repositories/3/resources/2807
11	3	6312	Jerry Goodman Papers	Goodman, Jerry			2011	unknown	0	2	0	0	0	0	0	1	0	English French Hebrew	Former Soviet republics | Soviet Union -- Politics and government -- 1953-1985 | United States -- Foreign relations -- Soviet Union	Audiocassettes | News bulletins | broadsides (notices) | clippings (information artifacts) | Correspondence | Compact discs | Legal documents | Magnetic tapes | memorandums | Newsletters | Pamphlets |		https://archives.cjh.org/repositories/3/resources/6312
11	7	20709	Papers of Israel Goldstein	Goldstein, Israel			1962	unknown	0	2	0	0	0	0	0	1	0	English Yiddish Polish Spanish; Castilian German French				https://archives.cjh.org/repositories/7/resources/20709
11	7	21152	Papers of Beinish Silberstein	Silberstein, Beinish, 1902-1942	1902	1942	1941	unknown	0	2	0	0	0	0	0	1	0	English		Poetry		https://archives.cjh.org/repositories/7/resources/21152
11	7	21161	Papers of Jacques Bielinky	Biélinky, Jacques, 1881-			1942	unknown	0	1	0	0	0	0	0	1	2	French	Paris (France) -- Social life and customs | France -- History -- German occupation, 1940-1945 | Paris (France) -- History -- 1940-1944	Diaries		https://archives.cjh.org/repositories/7/resources/21161
11	7	21360	Ossip Dymow Papers	Dymow, Ossip, 1878-1959	1878	1959	1958	unknown	0	2	0	0	0	0	0	1	0	English Yiddish Russian German				https://archives.cjh.org/repositories/7/resources/21360
11	7	22908	The Russian Empire Collection				1938	unknown	0	2	0	0	0	0	0	1	0	Russian Yiddish German				https://archives.cjh.org/repositories/7/resources/22908
10	3	20138	Leah Lieberman Papers				2009	unknown	0	1	0	0	0	0	0	2	0	The collection is in English.				https://archives.cjh.org/repositories/3/resources/20138
10	3	971	Howard Lenhoff Papers	Lenhoff, Howard M.			2007	unknown	0	119	0	0	0	1	0	1	0	English Amharic Hebrew Dutch; Flemish French German Hungarian Italian Russian Spanish; Castilian Yiddish	Ethiopia -- Ethnic relations | Israel -- Ethnic relations | Israel -- Emigration and immigration | Israel | California | Ethiopia	Audiocassettes | clippings (information artifacts) | Correspondence | Drafts (documents) | Notes (documents) | Photographs | Posters | speeches (documents)		https://archives.cjh.org/repositories/3/resources/971
10	7	22066	Max Schay Papers	Schay, Max			1975	unknown	0	1	0	0	0	0	0	2	0	English Yiddish				https://archives.cjh.org/repositories/7/resources/22066
10	7	22123	Nathan Reich Papers	Reich, Nathan, 1900-1992	1900	1992	1969	unknown	0	1	0	0	0	0	0	2	0	English				https://archives.cjh.org/repositories/7/resources/22123
10	7	22199	Leib Koniuchowsky Papers	Koniuchowsky, Leyb, 1910-2003	1910	2003	1950	unknown	0	1	0	0	0	0	0	2	0	English				https://archives.cjh.org/repositories/7/resources/22199
9	7	22063	William Wolpert Papers	Wolpert, William			1945	unknown	0	1	0	0	0	0	0	1	1	English				https://archives.cjh.org/repositories/7/resources/22063
9	7	22426	Papers of Alexander Hertz	Hertz, Alexander			1987	unknown	0	1	0	0	0	0	0	1	1	Polish English				https://archives.cjh.org/repositories/7/resources/22426
7	7	20945	Jewish Folklore Materials Collection				1985	unknown	0	1	0	0	0	0	0	1	0	Yiddish Hebrew Hungarian German				https://archives.cjh.org/repositories/7/resources/20945
7	7	21170	Max N. Meisel Papers	Meisel, Max N.			1954	unknown	0	1	0	0	0	0	0	1	0	Yiddish English	New York (N.Y.)	Account books		https://archives.cjh.org/repositories/7/resources/21170
7	7	21370	Papers of Benjamin Jacob Bialostotzky	Bialostotzky, B. J. (Benjamin Jacob), 1892-1962	1892	1962	1963	unknown	0	1	0	0	0	0	0	1	0	English		Yiddish language -- United States -- Societies, etc.		https://archives.cjh.org/repositories/7/resources/21370
7	7	21582	William Uris Papers	Uris, William			1971	unknown	0	1	0	0	0	0	0	1	0	English	Poland -- History -- German occupation, 1914-1918 | Philadelphia (Pa.) -- Social life and customs			https://archives.cjh.org/repositories/7/resources/21582
7	7	22218	Ralph S. Goodman Collection	Goodman, Ralph S.			1943	unknown	0	1	0	0	0	0	0	1	0	English				https://archives.cjh.org/repositories/7/resources/22218
7	7	22292	Papers of Dona Feldman	Feldman, Dona			1979	unknown	0	1	0	0	0	0	0	1	0	English				https://archives.cjh.org/repositories/7/resources/22292
7	7	22444	Papers of Alexander Schein	Schein, Alexander			1953	unknown	0	1	0	0	0	0	0	1	0	German				https://archives.cjh.org/repositories/7/resources/22444
7	7	530	Zukunft Manuscripts				1997	unknown	0	1	0	0	0	0	0	1	0	The collection is in Yiddish with some English, German, Russian, and Hebrew.	New York (N.Y.)	Correspondence | Financial records | manuscripts (documents) | Minutes (administrative records)		https://archives.cjh.org/repositories/7/resources/530
6	3	13264	Shirley T. Joseph Papers	Joseph, Shirley T.			1998	unknown	0	2	0	0	0	1	0	1	0	English	Buffalo (N.Y.) | Erie County (N.Y.)	Audiocassettes | Buttons (information artifacts) | clippings (information artifacts) | Correspondence | Drafts (documents) | memorandums | Minutes (administrative records) | Newsletters | Notebooks | 		https://archives.cjh.org/repositories/3/resources/13264
6	3	15554	Pamela B. Cohen Papers	Cohen, Pamela B.			2009	unknown	0	2	0	0	0	1	0	1	0	English Russian Hebrew Icelandic	Former Soviet republics | Soviet Union | United States	Audiocassettes | broadsides (notices) | Case files | clippings (information artifacts) | Correspondence | Commemorative jewelry | DVDs | memorandums | Microcassettes | Newsletters | Pamphlets | Photog		https://archives.cjh.org/repositories/3/resources/15554
6	6	58	Ina Golub Papers	Golub, Ina, 1938-			2014	unknown	0	1	0	0	0	1	0	1	8	The collection is in English.	New Jersey | New York (N.Y.)	Judaica | Correspondence | Financial records | Photographs | clippings (information artifacts) | Sketches | slides (photographs) | Audiovisual materials		https://archives.cjh.org/repositories/6/resources/58
