score	repo_id	repo	resource_id	title	creator	date	type_genre	genre	german	glang	emigre	return	home	personal	type	language	url
74	7	YIVO Institute for Jewish Research	19971	Shalom Schwarzbard Papers	Shṿartsbard, Shalom, 1886-1938	1891, 1912-1958 | 1920-1937	1	7	4	3	4	3	0	3	World War, 1914-1918 -- Personal narratives | Clippings (information artifacts) | Correspondence | Manuscripts (document	yid | fre | eng | ger | rus | heb | The collection is predominantly in Yiddish and French, with some English, German, Russian, and Hebrew, as well as individual items in Spanish, Polish, and Danish.	https://archives.cjh.org/repositories/7/resources/19971
72	7	YIVO Institute for Jewish Research	556	Papers of Chaim Grade and Inna Hecker Grade	Grade, Chaim, 1910-1982	1910s-2010 | bulk 1940s-2000s	0	4	6	3	12	3	1	2	Poetry | Official documents | Newspapers | Correspondence | Photographs | Audiotapes | Tape reels | Lectures	yid | eng | heb | rus | fre | lit | pol | ger | tuk | The collection is predominantly in Yiddish and English, with some Hebrew, Russian, and French, as well as individual items in Lithuanian, Polish, German, and Turkmen.	https://archives.cjh.org/repositories/7/resources/556
68	3	American Jewish Historical Society	1659	Mordecai Sheftall papers	Sheftall, Mordecai, 1735-1797	undated, 1761-1867, 1873, 1932, 1941 | 1977 -- 1978	0	4	6	0	4	7	1	6	Correspondence | Ledgers (account books) | Newspapers | Orderly books | Orders (military records) | Petitions | Purchase	eng | Latn | The collection is in English.	https://archives.cjh.org/repositories/3/resources/1659
68	3	American Jewish Historical Society	20038	Papers of Cecilia Razovsky	Razovsky, Cecilia, 1886-1968	undated, 1913-1971	1	31	65	3	70	17	0	0	Articles | Clippings (information artifacts) | Correspondence | Diaries | Fliers (printed matter) | Legal documents | Ma	eng | Latn | spa | Latn | por | Latn | ger | Latn | yid | Hebr | rus | Cyrl | The collection is in English, Spanish, Portuguese, German, Yiddish, and Russian.	https://archives.cjh.org/repositories/3/resources/20038
64	3	American Jewish Historical Society	22561	Lewis and Levy Family Papers		1807-2019 | 1904-2019	0	13	4	0	1	4	1	8		eng | Latn	https://archives.cjh.org/repositories/3/resources/22561
58	7	YIVO Institute for Jewish Research	3217	Papers of Shmuel Mordkhe Artur Zygielbojm		1918-2018 | 1940 -- 1943	0	5	15	2	35	4	0	0	Jews -- Biography | Administrative reports | Correspondence | Clippings (information artifacts) | Posters	yid | yid | pol | rus | ger | eng | fre | heb | spa | por | lit | ara | swe | The collection is in Yiddish and Polish, with some Russian, German, English, French, Hebrew, Spanish, Portuguese, Lithuanian, Arabic, and Swedish.	https://archives.cjh.org/repositories/7/resources/3217
54	3	American Jewish Historical Society	15533	Marvin Lowenthal, papers	Lowenthal, Marvin, 1890-1969	undated, 1871-1959	1	8	14	2	2	2	0	0	Correspondence | Diaries | Drafts (documents) | Journals | Memorabilia | Notes (documents) | Photographs | Reviews (docu	eng | Latn | fre | Latn | ger | Latn | yid | Hebr | The collection is in English, French, German, and Yiddish.	https://archives.cjh.org/repositories/3/resources/15533
54	7	YIVO Institute for Jewish Research	3273	Papers of Peretz Hirschbein		1900-1971	0	5	4	5	0	4	0	0	Correspondence | Manuscripts (documents) | Clippings (information artifacts) | Photographs | Programs (documents)	yid | yid | eng | ger | fre | heb | rus | pol | spa | chi | dan | The collection is in Yiddish, with some English, German, French, Hebrew, Russian, Polish, Spanish, Japanese, Chinese, and Danish.	https://archives.cjh.org/repositories/7/resources/3273
53	7	YIVO Institute for Jewish Research	21093	Papers of Kalman Marmor		1880s-1950s	0	37	2	0	0	3	1	0		yid	https://archives.cjh.org/repositories/7/resources/21093
53	7	YIVO Institute for Jewish Research	3280	Papers of Jennings Yehudah Tofel		1912-1960	1	7	0	4	0	4	0	0	Correspondence | Diaries | Manuscripts (documents) | Clippings (information artifacts) | Poems	eng | eng | yid | fre | The collection is in English and Yiddish, with some French.	https://archives.cjh.org/repositories/7/resources/3280
53	7	YIVO Institute for Jewish Research	3611	Papers of Chaim Zhitlowsky		1881-1958 | 1900-1943	0	2	11	4	1	5	0	0	Correspondence | Financial records | Manuscripts (documents) | Clippings (information artifacts) | Photographs	yid | yid | rus | ger | eng | fre | lat | heb | dut | The collection is in Yiddish and Russian with some German and English and with a small amount of French, Latin, Hebrew, and Dutch.	https://archives.cjh.org/repositories/7/resources/3611
52	3	American Jewish Historical Society	5908	Records of the National Council of Jewish Women, New York Section		undated, 1895-2004	0	3	5	0	9	2	1	0	Administrative records | Annual reports | Audiotapes | Blueprints (reprographic copies) | News bulletins | Clippings (in	eng | Latn | heb | Hebr | yid | Hebr | ger | Latn | gre | Grek | spa | Latn | chi | Hani | ita | Latn	https://archives.cjh.org/repositories/3/resources/5908
50	3	American Jewish Historical Society	228	Papers of Aliza Greenblatt (1885-1975)	Greenblatt, Aliza, 1888-1975	undated, 1882-1983, 1993	0	3	1	5	0	3	0	1	Clippings (information artifacts) | Correspondence | Manuscripts (documents) | Newsletters | Poems | Programs (documents	yid | Hebr | eng | Latn | heb | Hebr | rus | Cyrl | fre | Latn	https://archives.cjh.org/repositories/3/resources/228
48	7	YIVO Institute for Jewish Research	19998	Papers of Naftali Hertz Kon		1939-1971 | bulk 1950s-1960s	0	0	2	3	4	3	0	0	Correspondence | Official documents	yid | rus | pol | ger | heb | eng | The collection is predominantly in Yiddish, with some Russian, Polish, German, Hebrew, and English.	https://archives.cjh.org/repositories/7/resources/19998
48	7	YIVO Institute for Jewish Research	3503	Papers of Grigori Gurevitch	Gurevitch, Grigori Evseevich, 1852-1929	1888, 1901-1928	1	1	6	2	1	2	0	1	Correspondence | Official documents | Newspapers | Petitions | Clippings (information artifacts) | Memoirs | Manuscripts	rus | rus | yid | ger | ger | eng | The collection is in Russian with some Yiddish, German, French, and English.	https://archives.cjh.org/repositories/7/resources/3503
48	7	YIVO Institute for Jewish Research	3504	Papers of Marc Ratner	Cherikover, I. M., 1881-1943 | Ratner, M. B. (Mark Borisovich), 1871-1917	1902-1922	0	3	3	2	3	1	1	1	Manuscripts (documents) | Correspondence | Official documents | Newspapers | Petitions | Minutes (administrative records	rus | rus | yid | ger | Latn | The collection is in Russian and Yiddish with some German.	https://archives.cjh.org/repositories/7/resources/3504
48	7	YIVO Institute for Jewish Research	527	Lucien Wolf and David Mowshowitch Papers	Wolf, Lucien, 1857-1930 | Mowshowitch, David, 1887-1957	1708-1963 | 1880-1930	1	3	9	6	2	0	1	2	World War, 1914-1918 -- Treaties | Diaries | Poems	eng | eng | eng | fre | ger | rus | yid | pol | heb | hun | The collection is in English, French, German, Russian, Yiddish, Polish, Hebrew, and Hungarian.	https://archives.cjh.org/repositories/7/resources/527
48	7	YIVO Institute for Jewish Research	531	Papers of Isaac Nachman Steinberg	Steinberg, Isaac Nachman, 1888-1957	1893-1968 | 1919-1956	1	4	12	2	5	1	0	1	Administrative reports | Correspondence | Diaries | Manuscripts (documents) | Minutes (administrative records) | Clippin	yid | yid | rus | pol | ger | eng | fre | heb | spa | dut | rum | ita | srp | hrv | cze | nor | swe | The collection is in Yiddish, Russian, Polish, German, English, French, Hebrew, Spanish, Dutch, Romanian, Italian, Serbian, Croatian, Czech, Norwegian, and Swedish.	https://archives.cjh.org/repositories/7/resources/531
47	7	YIVO Institute for Jewish Research	3219	Papers of Philip Friedman		1914-1993 | 1930-1960	0	2	10	2	19	2	0	1	Holocaust, Jewish (1939-1945) -- Bibliography | World War, 1939-1945 -- Personal narratives, Jewish | Administrative rep	yid | yid | heb | pol | eng | ger | fre | rus | ukr | ita | dut | spa | cze | dan | hun | rum | swe | hrv | The collection is in Yiddish, Hebrew, Polish, English, German, French, Russian, Ukrainian, Italian, Dutch, Spanish, Czech, Danish, Hungarian, Romanian, Swedish, and Serbo-Croatian.	https://archives.cjh.org/repositories/7/resources/3219
46	3	American Jewish Historical Society	1034	Records of the Grand Street Boys' Association	Grand Street Boy's Club (New York, N.Y.)	1921-2014 | 1940 -- 2000	0	1	1	0	1	5	1	0	Administrative records | Bylaws (administrative records) | Correspondence | Financial records | Minutes (administrative 	eng | Latn	https://archives.cjh.org/repositories/3/resources/1034
46	3	American Jewish Historical Society	13258	Raphael Lemkin Collection	Lemkin, Raphael, 1900-1959	undated, [1763]-2002 | undated, 1941-1951	0	3	6	1	7	2	0	0	Articles | Clippings (information artifacts) | Correspondence | Political posters | Proceedings (reports) | Research (do	eng | Latn | fre | Latn | heb | Hebr | ger | Latn | pol | Latn | rus | Cyrl | spa | Latn | swe | Latn | nor | Latn | lit | Latn | The collection is in English, French, Hebrew, German, Polish, Russian, Spanish, Swedish, Norwegian, and Lithuanian.	https://archives.cjh.org/repositories/3/resources/13258
46	3	American Jewish Historical Society	15552	Oscar I. Janowsky Papers	Janowsky, Oscar I. (Oscar Isaiah), 1900-1993	undated, 1916-1993 | undated, 1916-1993	1	12	5	0	0	2	0	0	Articles | Clippings files | Correspondence | Diaries | Memoirs | Personal correspondence | Research notes	eng | Latn | fre | Latn | ger | Latn | heb | Hebr | pol | Latn | yid | Hebr	https://archives.cjh.org/repositories/3/resources/15552
46	3	American Jewish Historical Society	972	American Jewish Historical Society Records		1883-2003 | 1892-2000	0	5	1	2	0	3	0	0	Audiocassettes | Clippings (information artifacts) | Correspondence | Financial records | Ledgers (account books) | Minu	eng | fre | ger | spa | yid | heb | The collection is in English, with some French, German, Spanish, Yiddish, and Hebrew.	https://archives.cjh.org/repositories/3/resources/972
45	7	YIVO Institute for Jewish Research	3283	Papers of Isaac A. Hourwich		1882-1924	0	6	0	2	1	3	0	0	Administrative reports | Correspondence | Financial records | Legal documents | Manuscripts (documents) | Memorandums | 	eng | eng | rus | yid | ger | fre | ita | The collection is in English, with some Russian, Yiddish, German, French, and Italian.	https://archives.cjh.org/repositories/7/resources/3283
44	3	American Jewish Historical Society	34	Adler Family Papers	Adler, Ellen, 1927- | Freed, Selwyn Z.	1893-1992 | 1920 -- 1977	0	1	1	2	1	5	0	1	Correspondence | Drawings (visual works) | Manuscripts (documents) | Clippings (information artifacts) | Photographs | P	yid | Hebr | eng | Latn | heb | Hebr | rus | Cyrl | ger | Latn | dut | Latn	https://archives.cjh.org/repositories/3/resources/34
44	7	YIVO Institute for Jewish Research	19910	Autobiographies of Jewish Youth in Poland	Kligsberg, Moshe | Weinreich, Max, 1894-1969 | Yidisher ṿisnshafṭlekher insṭiṭuṭ	1905-1940 | bulk 1932-1939	1	7	4	2	2	1	0	0	Autobiographies (literary works) | Diaries	yid | pol | ger | heb | eng | rus | hrv | fre | cze | The collection is in Yiddish, with some Polish, German, Hebrew, English, Russian, Serbo-Croatian, French, and Czech.	https://archives.cjh.org/repositories/7/resources/19910
44	7	YIVO Institute for Jewish Research	3613	Germany (Vilna Archives) Collection		1567-1945 | 1732-1938	0	4	237	3	21	0	1	7	Bylaws (administrative records) | Business records | Clippings (information artifacts) | Correspondence | Financial reco	ger | The collection is predominantly in German, with some Hebrew, Yiddish, Italian, French, and Hungarian (in approximate order of prevalence), as well as occasional items in English, Dutch, Polish, Bulgarian, Russian, Latin, Croatian, Czech, and Greek.	https://archives.cjh.org/repositories/7/resources/3613
44	7	YIVO Institute for Jewish Research	494	Papers of Shmuel Niger		1903-1962 | 1920-1955	0	9	1	4	4	2	0	0	Certificates | Correspondence | Manuscripts (documents) | Clippings (information artifacts) | Photographs | Scrapbooks	yid | yid | eng | heb | ger | rus | spa | fre | The collection is in Yiddish and English with some Hebrew, German, Russian, Spanish, and French.	https://archives.cjh.org/repositories/7/resources/494
43	3	American Jewish Historical Society	15567	Colonel Seymour J. Pomrenze Papers	Pomrenze, Seymour J.	undated, 1809-2009 | 1979 -- 1999	0	0	4	0	2	3	0	0	Records surveys | Correspondence | Minutes (administrative records) | Business records	eng | Latn | dut | Latn | ger | Latn | heb | Hebr | yid | Hebr	https://archives.cjh.org/repositories/3/resources/15567
43	3	American Jewish Historical Society	37	Morris U. Schappes Papers		1891-2004 | 1940 -- 1990	0	3	0	2	0	3	0	0	Cards (information artifacts) | Clippings (information artifacts) | Correspondence | Drafts (documents) | Legal document	eng | Latn | yid | Hebr | rus | Cyrl | heb | Hebr | ger | Latn | fre | Latn | The collection is in English, with some materials in Yiddish. A few items are in Russian, Hebrew, German, and French.	https://archives.cjh.org/repositories/3/resources/37
43	7	YIVO Institute for Jewish Research	21266	Malka Lee and Aaron Rappaport Papers	Lee, Malka (Leopold-Rappaport, Malke), 1904-1976	1916 -- 2011 | 1925 -- 1970	0	2	4	5	1	2	0	0	Photographic prints	eng | Latn | yid | Hebr | pol | Latn | ger | Latn | rus | Cyrl | Collection is primarily in Yiddish, with some materials in English, German, Polish, and Russian.	https://archives.cjh.org/repositories/7/resources/21266
42	3	American Jewish Historical Society	15651	Ray Frank Litman (1861-1948) Papers	Litman, Ray Frank, 1864 or 1865-1948	undated, 1879-1957	0	3	4	1	0	2	0	1	Clippings (information artifacts) | Correspondence | Manuscripts (documents) | Programs (documents) | Scrapbooks | Sermo	eng | Latn | ger | Latn | The collection is primarily in English, with some German.	https://archives.cjh.org/repositories/3/resources/15651
42	6	Yeshiva University Museum	61	Papers of Ludwig Yehuda Wolpert		1927-1995	0	5	9	1	0	2	0	1	Clippings (information artifacts) | Correspondence | Photographs | Publications (documents) | Works of art	eng | eng | heb | ger | The collection is in English, Hebrew, and German.	https://archives.cjh.org/repositories/6/resources/61
41	3	American Jewish Historical Society	13255	Papers of Seixas Family	Seixas family	undated, 1746-1911, 1926, 1939	0	1	0	0	2	3	0	2	Prayer books | Administrative records | Annual reports | Announcements | Clippings (information artifacts) | Financial r	eng | Latn | heb | Hebr | fre | Latn | English, Hebrew, and French.	https://archives.cjh.org/repositories/3/resources/13255
40	7	YIVO Institute for Jewish Research	20873	Papers of Nachman Blumental	Blumenthal, Nachman	1901-1983 | 1940s-1970s	0	5	14	3	31	1	0	0	Newspaper clippings | Manuscripts (documents) | Correspondence | Poems	yid | pol | ger | heb | fre | rus | eng | ukr | bak | spa | The collection is predominantly in Yiddish, Polish, German, Hebrew, with some  French, Russian, English, as well as individual items in Ukrainian, Bashkir, and Spanish.	https://archives.cjh.org/repositories/7/resources/20873
40	7	YIVO Institute for Jewish Research	3596	Papers of Maxim Vinawer	Vinaver, M. (Maksim), 1862 or 1863-1926	1914-1926	0	3	3	2	7	1	0	1	Correspondence | Official documents | Newspapers | Affidavits | Drafts (documents) | Minutes (administrative records) | 	rus | rus | fre | ger | eng | pol | yid | The collection is in Russian with some  French, German, English, Polish and Yiddish.	https://archives.cjh.org/repositories/7/resources/3596
39	7	YIVO Institute for Jewish Research	21242	Kehillat Haharedim Records	Kehillat Haharedim (France)	1935 -- 1968	0	1	2	2	3	2	0	0		fre | eng | heb | yid | ger | Materials are mainly in French, with some German, Yiddish, Hebrew, Russian, and English.	https://archives.cjh.org/repositories/7/resources/21242
39	7	YIVO Institute for Jewish Research	3244	Displaced Persons Camps and Centers Photograph Collection		circa 1920s-1959 | 1945-1952	0	0	100	2	36	2	0	0	Photograph albums | Photographs	yid | yid | eng | heb | ger | pol | Inscriptions on the versos of photographs, and occasional textual materials are in Yiddish, English, Hebrew, German, and Polish.	https://archives.cjh.org/repositories/7/resources/3244
38	3	American Jewish Historical Society	15570	Louis Lipsky Papers		1898-1976	0	3	6	4	2	1	0	0		eng | eng | Latn | yid | Hebr | heb | Hebr | ger | Latn | The collection is in English, Yiddish, Hebrew, and German.	https://archives.cjh.org/repositories/3/resources/15570
38	3	American Jewish Historical Society	19722	Papers of Lucy S. Dawidowicz	Dawidowicz, Lucy S.	undated, 1936-1990	0	12	4	2	22	1	0	0		eng | Latn | heb | Hebr | yid | Hebr | ger | Latn | fre | Latn | pol | Latn | This collection is in English, Hebrew, Yiddish, German, French, and Polish.	https://archives.cjh.org/repositories/3/resources/19722
38	7	YIVO Institute for Jewish Research	3247	Papers of Leo W. Schwarz		1940-1954	0	4	33	2	17	1	0	0	Administrative reports | Correspondence | Financial records | Lists (document genres) | Manuscripts (documents) | Maps (	eng | eng | ger | heb | yid | The collection is in English, with some German, Hebrew and Yiddish.	https://archives.cjh.org/repositories/7/resources/3247
38	7	YIVO Institute for Jewish Research	491	Records of the American Jewish Committee Paris Office (FAD-41) Files		1938-1969 | 1946-1963	0	1	3	1	6	1	1	0	Clippings (information artifacts) | Correspondence | Memorandums | Publications (documents) | Reports | Speeches (docume	eng | eng | fre | ger | The bulk of this collection is in  English,  French, and  German.	https://archives.cjh.org/repositories/7/resources/491
37	7	YIVO Institute for Jewish Research	3578	Shanghai Collection		1924-1950 | 1939-1948	0	2	13	4	7	1	0	0	Jews -- Music | World War, 1939-1945 -- Personal narratives, Jewish | Maps (documents) | Archival materials	ger | ger | eng | rus | fre | yid | jpn | chi | pol | lit | yid | The collection is primarily in German, English, and Russian. Some documents are in French, Yiddish, Japanese, Chinese, Polish, and Lithuanian. Some items are annotated in Yiddish.	https://archives.cjh.org/repositories/7/resources/3578
36	4	American Sephardi Federation	3622	Guide to the Papers of John Stern	Stern, John, 1926-1987	1924-2013 | 1945-1990	1	3	4	0	1	0	1	0	Diaries | Notebooks | Notes (documents) | Pamphlets | Publications (documents) | VHS	eng | eng | fre | spa | The collection is in English, French, and Spanish.	https://archives.cjh.org/repositories/4/resources/3622
36	4	American Sephardi Federation	3671	Guide to the Tamar Morad, Dennis and Robert Shasha Collection of Iraqi Jewish Oral Histories	Shasha, Robert	circa 1900, 1930s-2007 | 2003-2007	1	10	1	0	4	1	0	0	Interviews | Memoirs | Photographs | Poems | Sound recordings | Transcripts	eng | eng | heb | fre | spa | ara | The collection is in English and Hebrew, with a few items in French and Spanish and reproductions of two documents in Arabic.	https://archives.cjh.org/repositories/4/resources/3671
36	7	YIVO Institute for Jewish Research	20963	The Hersch Wasser Collection		1939-1949	0	5	5	0	9	1	0	1		yid | Hebr | pol | Latn | rus | Cyrl | ger | Latn	https://archives.cjh.org/repositories/7/resources/20963
35	3	American Jewish Historical Society	12498	Raphael Family Papers	Raphael, Aaron	Undated, 1916-1950 | 1920 -- 1930	1	1	0	0	0	2	0	2	Correspondence | Business letters | Pamphlets | Photographs	eng | Latn | heb | Hebr	https://archives.cjh.org/repositories/3/resources/12498
35	3	American Jewish Historical Society	1576	Bernard G. Richards Papers	Richards, Bernard G.	undated, 1820, 1868, 1895-1996, 1999	1	5	2	1	0	1	0	0	Speeches (documents) | Articles | Correspondence | Invitations | Memoirs | Memorandums | Minutes (administrative records	eng | Latn | ara | Arab | chi | Hani | dut | Latn | fre | Latn | ger | Latn | gre | Grek | heb | Hebr | ita | Latn | pol | Latn | rus | Cyrl | spa | Latn | yid | Hebr	https://archives.cjh.org/repositories/3/resources/1576
35	3	American Jewish Historical Society	195	Records of the American Association for Ethiopian Jews (AAEJ)	American Association for Ethiopian Jews	undated, 1960-1961, 1963, 1965-1968, 1970-1995, 2001-2002	0	6	0	0	6	2	0	0	Affidavits | Articles | Artifacts (object genre) | Audiocassettes | Books | Broadsides (notices) | Brochures | Buttons (	eng | Latn | amh | Ethi | chi | Hani | fre | Latn | heb | Hebr | pol | Latn | spa | Latn | yid | Hebr	https://archives.cjh.org/repositories/3/resources/195
35	7	YIVO Institute for Jewish Research	22440	Records of the Piotrkov Trybunalski Relief Association	Piotrkov Trybunalski Relief Association (New York, N.Y.)	1941, 1957-1978, 2002	0	2	1	0	6	2	0	0		eng | yid | heb | pol	https://archives.cjh.org/repositories/7/resources/22440
35	7	YIVO Institute for Jewish Research	22505	Papers of Leon (Lazar) Ajces		1933-1960s	0	0	4	0	2	2	0	1		pol | eng | rus	https://archives.cjh.org/repositories/7/resources/22505
35	7	YIVO Institute for Jewish Research	22568	Raphael Abramovich Collection	Abramovitch, Raphael R., 1880-1963	undated, 1906-1972,1988, 2010	0	0	4	0	3	2	0	0		yid | Hebr | rus | Cyrl | eng | Latn | ger | Latn | fre | Latn | pol | Latn | dan | Latn	https://archives.cjh.org/repositories/7/resources/22568
35	7	YIVO Institute for Jewish Research	3278	Morris Rosenfeld Papers	Rosenfeld, Morris, 1862-1923	1888-1967	0	5	2	4	0	0	1	3	Photographic prints | Sheet music	yid | yid | eng | ger | The collection is in Yiddish, English, and German.	https://archives.cjh.org/repositories/7/resources/3278
35	7	YIVO Institute for Jewish Research	3279	Israel Cohen Papers	Cohen, Israel, 1879-1961	1906-1961	0	2	11	2	3	1	0	0	Clippings (information artifacts) | Manuscripts (documents)	eng | eng | ger | fre | heb | pol | yid | The collection is in English, German, French, Hebrew, Polish, and one document in Yiddish.	https://archives.cjh.org/repositories/7/resources/3279
34	3	American Jewish Historical Society	197	Abraham Klausner Papers		1942-2002	0	6	19	0	15	1	0	0	Correspondence | DVDs | Manuscripts (documents) | Minutes (administrative records) | Clippings (information artifacts) |	eng | Latn | yid | Hebr | ger | Latn | heb | Hebr | fre | Latn	https://archives.cjh.org/repositories/3/resources/197
34	3	American Jewish Historical Society	2816	Joseph Shubow Collection	Shubow, Joseph Shalom	1900-1979 | 1934 -- 1969	0	4	5	0	6	1	0	0	Correspondence | Manuscripts (documents) | Photographs | Official documents | Clippings (information artifacts) | Artifa	ger | Latn | eng | Latn | yid | Hebr | heb | Hebr | arm | Armn	https://archives.cjh.org/repositories/3/resources/2816
34	7	YIVO Institute for Jewish Research	19902	Records of the Farband fun di Yidishe Studentn Fareynen in Daytshland (Verband Jüdischer Studentenvereine in Deutschland; Union of Jewish Student Associations i	Verband Jüdischer Studentenvereine in Deutschland	1913-1917, 1920-1939 | 1920-1930	0	7	113	2	1	1	0	0	Administrative records | Announcements | Bylaws (administrative records) | Correspondence | Financial records | Membersh	mul | yid | ger | rus | The collection is predominantly in Yiddish, German, and Russian, with some Hebrew and Polish, occasional items in French, and one item each in Hungarian and Latvian.	https://archives.cjh.org/repositories/7/resources/19902
34	7	YIVO Institute for Jewish Research	3218	Records of the Displaced Person Camps and Centers in Germany		1945-1952	0	1	24	3	19	1	0	0	Administrative reports | Correspondence | Financial records | Lists (document genres) | Minutes (administrative records)	yid | yid | yid | ger | eng | heb | The collection is in Yiddish, German, English, and Hebrew, in order of prevalence. Some Yiddish items are printed in Latin characters.	https://archives.cjh.org/repositories/7/resources/3218
34	7	YIVO Institute for Jewish Research	3594	Adelebsen Jewish Community Records	Adelebsen Jewish community	circa 1775, 1830-1917 | 1832-1917	0	5	22	2	1	1	0	0	Rabbis -- Correspondence | Correspondence | Financial records | Minutes (administrative records) | Receipts (financial r	ger | ger | yid | heb | The collection is in German, with very occasional use of Yiddish or Hebrew.	https://archives.cjh.org/repositories/7/resources/3594
34	7	YIVO Institute for Jewish Research	546	Eliyahu Guttmacher Papers	Guttmacher, Elijah, 1796-1874	1828-1908, 1958 | 1847-1874	0	6	6	2	0	1	0	1	Correspondence | Financial records | Kvitlekh	heb | heb | yid | ger | fre | Hebrew, Yiddish, German, and French.	https://archives.cjh.org/repositories/7/resources/546
33	3	American Jewish Historical Society	13256	Board of Delegates of American Israelites Records		1859-1881, 1887, 1932	0	2	9	2	2	1	0	0	Surveys (documents) | Questionnaires | Correspondence	yid | Hebr | fre | Latn | ger | Latn | heb | Hebr | rum | Latn | spa | Latn | eng | Latn | The collection is in English, Yiddish, French, German, Hebrew, Romanian, and Spanish.	https://archives.cjh.org/repositories/3/resources/13256
33	3	American Jewish Historical Society	18303	Molly Picon, papers		undated, 1877-1971	0	0	1	2	3	2	0	0		eng | Latn | yid | Hebr | fre | Latn | ger | Latn | ita | Latn | pol | Latn | rom | Latn | rus | Cyrl | spa | Latn | The collection is in English, Yiddish, French, German, Italian, Polish, Romanian, Russian, and Spanish.	https://archives.cjh.org/repositories/3/resources/18303
32	3	American Jewish Historical Society	15652	Moses Family of New York Papers	Moses family	undated, 1767-1941, 1971	1	3	1	0	0	1	0	1	Newspaper clippings | Clippings (information artifacts) | Biographies (literary works) | Receipts (financial records) | 	eng | Latn | heb | Hebr | The collection is in English with some Hebrew.	https://archives.cjh.org/repositories/3/resources/15652
32	3	American Jewish Historical Society	6427	Myer S. Isaacs (1841-1904) Collection		undated, 1844, 1851-1925	0	6	5	0	2	1	0	0	Citizenship papers | Clippings (information artifacts) | Correspondence | Documents (object genre) | Funeral books | Gen	eng | Latn | fre | Latn | The collection is in English and French.	https://archives.cjh.org/repositories/3/resources/6427
32	3	American Jewish Historical Society	6485	Milton Steinberg (1903-1950) Papers	Steinberg, Milton, 1903-1950	undated, 1883-2003 | 1923-1950	0	1	1	0	1	2	0	2	Rabbis -- Correspondence | Armed Forces -- Prayers and devotions | Manuscripts (documents) | Articles | Correspondence |	eng | Latn | heb | Hebr | The collection is in English with some Hebrew.	https://archives.cjh.org/repositories/3/resources/6485
32	3	American Jewish Historical Society	6733	Morris “Moe” Berg Papers	Berg, Moe, 1902-1972	undated, 1924-1972 | 1930 -- 1960	0	1	8	0	0	2	0	0	Correspondence | Receipts (financial records) | Articles | Coin purses | Baseball cards	eng | Latn | ger | Latn | ita | Latn | jpn | Jpan | fre | Latn	https://archives.cjh.org/repositories/3/resources/6733
32	7	YIVO Institute for Jewish Research	20952	Papers of Rabbi René Hirschler		1943-03 -- 1943-12	0	5	3	0	2	1	0	0		fre	https://archives.cjh.org/repositories/7/resources/20952
32	7	YIVO Institute for Jewish Research	3246	Displaced Persons Camps and Centers Poster Collection		1920-1926, 1939, 1946-1959, undated | 1946-1952	0	1	55	2	22	1	0	0	Posters | Paintings (visual works) | Printed ephemera	yid | yid | ger | heb | eng | rum | pol | ita | hun | rus | fre | arc | The collection is predominantly in Yiddish (approximately three-quarters), with some German and Hebrew, and scattered items in or using English, Romanian, Polish, Italian, Hungarian, Russian, French, or Aramaic.	https://archives.cjh.org/repositories/7/resources/3246
32	7	YIVO Institute for Jewish Research	3577	Nachman Zonabend Collection	Zonabend, Nachman	September 1939-August 1944, 1945, 1947	0	1	35	2	43	1	0	0	Circulars (fliers) | Albums (books) | Photographs	pol | pol | ger | yid | The collection is in Polish, German, and Yiddish.	https://archives.cjh.org/repositories/7/resources/3577
31	3	American Jewish Historical Society	15591	Phillips Family papers	Phillips family	undated, 1752, 1758-1955	0	5	2	1	0	0	1	5	Ballots | Bylaws (administrative records) | Certificates | Correspondence | Financial records | Invitations | Legal docu	eng | Latn | yid | Hebr | heb | Hebr | The collection is in English, Yiddish, and Hebrew.	https://archives.cjh.org/repositories/3/resources/15591
31	4	American Sephardi Federation	186	Zeva Oelbaum Photographs	Oelbaum, Zeva	1976	0	1	0	0	0	2	1	0	Photographs	eng | eng | The collection is in English.	https://archives.cjh.org/repositories/4/resources/186
31	7	YIVO Institute for Jewish Research	20783	Papers of Esther Lurie	Lurie, Esther	1912 -- 1955	0	0	4	0	1	2	0	0		eng | yid | heb | lit | ger	https://archives.cjh.org/repositories/7/resources/20783
31	7	YIVO Institute for Jewish Research	3242	Records of the Displaced Person Camps and Centers in Italy		1945-1955	0	0	11	3	18	1	0	0	Administrative reports | Correspondence | Financial records | Lists (document genres) | Minutes (administrative records)	yid | yid | ita | eng | heb | ger | fre | pol | rum | The collection is in Yiddish, Italian, English, Hebrew, German, French, Polish and Romanian in order of prevalence. Some Yiddish items are printed in Latin characters.	https://archives.cjh.org/repositories/7/resources/3242
31	7	YIVO Institute for Jewish Research	3524	Papers of Berthold Jeiteles		1942-1946	0	0	5	1	1	1	1	0	Albums (books) | Correspondence | Genealogical tables | Ration coupons	ger | eng | The collection is in German, Hebrew, and Czech. A scrapbook contains captions in English.	https://archives.cjh.org/repositories/7/resources/3524
31	7	YIVO Institute for Jewish Research	3534	Papers of Joseph Buloff and Luba Kadison		1910-1996	0	4	2	3	0	1	0	0	Audiocassettes | Correspondence | Drawings (visual works) | Manuscripts (documents) | Clippings (information artifacts) 	eng | eng | yid | ger | rus | rom | heb | The collection is in English, Yiddish, German, Russian, Romanian, and Hebrew.	https://archives.cjh.org/repositories/7/resources/3534
31	7	YIVO Institute for Jewish Research	3610	Papers of Paul (Pesakh) Novick		1897-1991, 2006 | 1940-1988	0	2	1	3	3	1	0	0	Administrative reports | Brochures | Correspondence | Manuscripts (documents) | Memorandums | Clippings (information art	yid | yid | eng | rus | fre | heb | pol | spa | ger | rom | The collection is in Yiddish, English, Russian, French, Hebrew, Polish, Spanish, German and Romanian.	https://archives.cjh.org/repositories/7/resources/3610
31	7	YIVO Institute for Jewish Research	539	Records of the Krotoszyn Jewish Community Council	Krotoszyn Jewish Community Council	1828-1919	0	0	33	3	4	1	0	0	Announcements | Bylaws (administrative records) | Contracts | Correspondence | Financial records | Insurance policies | 	ger | Predominantly in German, with some Hebrew and Yiddish.	https://archives.cjh.org/repositories/7/resources/539
30	3	American Jewish Historical Society	15595	Adolf Lorch (1883-1971) Papers	Lorch, Adolf, 1883-1971	1896-2013 | 1934 -- 1941	0	1	10	1	0	1	0	3	Correspondence | Official documents	eng | Latn | ger | Latn	https://archives.cjh.org/repositories/3/resources/15595
30	7	YIVO Institute for Jewish Research	19972	Simon Dubnow Papers	Dubnow, Simon, 1860-1941 | YIVO Archives	1632-1938 | bulk 1700-1900	0	1	11	2	1	1	0	1	Clippings (information artifacts) | Correspondence | Decrees | Ketubahs | Legal documents | Manuscripts (documents) | Mi	heb | yid | pol | rus | ger | The collection is in Yiddish and Hebrew, with some Polish, Russian, and German, and a small amount of Aramaic, Latin, and French.	https://archives.cjh.org/repositories/7/resources/19972
30	7	YIVO Institute for Jewish Research	20782	Papers of Oscar Graf	Graf, Oscar	1900s-1974	0	1	1	0	2	2	0	0		eng | yid | heb | pol	https://archives.cjh.org/repositories/7/resources/20782
30	7	YIVO Institute for Jewish Research	22639	Papers of Emanuel Scherer		1915-2012 | 1940s-1970s	0	3	1	1	10	1	0	0		yid | Hebr | pol | Latn | eng | Latn | fre | Latn | heb | Hebr | Materials predominantly in Yiddish, Polish, and English, with some items in French and Hebrew.	https://archives.cjh.org/repositories/7/resources/22639
30	7	YIVO Institute for Jewish Research	3505	Papers of Abraham Liessin		1894-1948	0	3	1	5	0	1	0	1	Correspondence | Manuscripts (documents) | Clippings (information artifacts)	yid | yid | rus | ger | eng | heb | fre | The collection is in Yiddish, Russian, German, English, Hebrew, and French.	https://archives.cjh.org/repositories/7/resources/3505
29	3	American Jewish Historical Society	13257	Louis Broido papers	Broido, Louis, 1896-1975	undated, 1922-1976	0	2	3	2	0	1	0	0	Affidavits | Annual reports | Articles | Correspondence | Financial records | Memorandums | Minutes (administrative reco	eng | Latn | fre | Latn | ger | Latn | yid | Hebr | The collection is in English, French, German, and Yiddish.	https://archives.cjh.org/repositories/3/resources/13257
29	7	YIVO Institute for Jewish Research	20695	Bel Kaufman Papers	Kaufman, Bel (19110510-20140725)	undated	0	1	2	1	0	1	1	0	Correspondence | Short stories	eng | Latn | rus | Cyrl | yid | Hebr | Materials are primarily in Russian, with some materials in Yiddish and English.	https://archives.cjh.org/repositories/7/resources/20695
29	7	YIVO Institute for Jewish Research	22586	Henryk Erlich and Victor Alter Collection		1912 -- 1998	0	0	1	0	3	2	0	0		yid | Hebr | pol | Latn | ger | Latn | rus | Cyrl | eng | Latn | spa | Latn | ita | Latn | swe | Latn | fre | Latn	https://archives.cjh.org/repositories/7/resources/22586
29	7	YIVO Institute for Jewish Research	3507	Records of the Vilna Jewish Community Council	Vilna Jewish Community Council	1800-1940	0	0	10	2	5	1	0	0		yid | heb | rus | pol | ger | Yiddish, Hebrew, Russian, Polish, German.	https://archives.cjh.org/repositories/7/resources/3507
29	7	YIVO Institute for Jewish Research	3595	National Refugee Service Records	National Refugee Service (U.S.)	1934-1952 | 1939-1946	0	0	18	2	62	1	0	0	Account books | Brochures | Clippings (information artifacts) | Correspondence | Financial records | Manuals (instructio	eng | The collection is predominantly in English, with scattered items in German, French, and Yiddish.	https://archives.cjh.org/repositories/7/resources/3595
28	3	American Jewish Historical Society	19959	Florence Lowenstein Marshall (1873-1916) Diaries, 1890-1916; 2019	Marshall, Florence Lowenstein, 1873-1916 | Schweitzer, Peter H., (Rabbi)	1894 -- 1916 | 2019	0	15	11	0	0	1	0	0		eng | Latn	https://archives.cjh.org/repositories/3/resources/19959
28	3	American Jewish Historical Society	6101	Emma Lazarus Papers	Lazarus, Emma, 1849-1887	undated, 1876-1987 | undated, 1876-1987	0	3	5	0	0	1	0	0	Poetry | Articles | Correspondence | Notebooks | Obituaries | Poems | Scrapbooks	eng | Latn | heb | Hebr | The collection is in English and Hebrew.	https://archives.cjh.org/repositories/3/resources/6101
28	4	American Sephardi Federation	3789	Guide to the Isaac Bitton (1926- ) Papers		undated, 1986-1997	0	3	1	0	6	1	0	0	Clippings (information artifacts) | Photocopies | Correspondence | Speeches (documents) | Pamphlets	eng | eng | por | The collection is in English and Portuguese.	https://archives.cjh.org/repositories/4/resources/3789
27	3	American Jewish Historical Society	15562	Admiral Lewis Lichtenstein Strauss Papers		1908-1973	0	0	1	2	0	1	1	1		eng | Latn | ger | Latn | fre | Latn | heb | Hebr | yid | Hebr | The collection is in English, German, French, Hebrew, and Yiddish.	https://archives.cjh.org/repositories/3/resources/15562
27	3	American Jewish Historical Society	198	Adolphus Simeon Solomons, papers	Solomons, Adolphus S. (Adolphus Simeon), 1826-1910	undated, 1841-1966	0	7	2	0	0	0	1	2	Sermons | Articles | Clippings (information artifacts) | Correspondence | Eulogies (documents) | Obituaries | Photograph	eng | Latn | The collection is in English.	https://archives.cjh.org/repositories/3/resources/198
27	3	American Jewish Historical Society	20995	American Jewish History Autograph and Documents Collection	Rosenbach, A. S. W. (Abraham Simon Wolf), 1876-1952	1700 -- 1910	1	4	0	0	0	1	0	0	Briefs (legal documents) | Wills | Indentures | Letters (correspondence)	eng | Latn	https://archives.cjh.org/repositories/3/resources/20995
27	3	American Jewish Historical Society	6735	Charles King Emma (1921-2014) Papers	Emma, Charles King, 1921-2014	undated 1941-2012 | 1943 -- 1945	1	3	0	0	0	1	0	0	Address books | Examinations (documents) | Lotteries | Short stories | Telegrams | Christmas cards | Patches (costume ac	eng | Latn	https://archives.cjh.org/repositories/3/resources/6735
27	7	YIVO Institute for Jewish Research	3277	Jacob Mestel Papers	Mestel, Jacob, 1884-1958	1910-1958	0	0	12	5	1	1	0	0	Photographic prints | Poems | Scripts (documents) | Prompt books	yid | yid | eng | ger | pol | The collection is in Yiddish, English, German, and Polish.	https://archives.cjh.org/repositories/7/resources/3277
26	3	American Jewish Historical Society	15554	Pamela B. Cohen Papers	Cohen, Pamela B.	undated, 1968-2005, 2007, 2009 | 1978 -- 1996	0	1	1	0	0	2	0	0	Audiocassettes | Broadsides (notices) | Case files | Clippings (information artifacts) | Correspondence | Commemorative 	eng | Latn | rus | Cyrl | heb | Hebr | ice | Latn	https://archives.cjh.org/repositories/3/resources/15554
26	3	American Jewish Historical Society	15610	Hebrew National Orphan Home Alumni Association Records	Hebrew National Orphan Home Alumni Association	undated, 1925-2014 | 1957 -- 1997	0	2	0	0	0	2	0	0	Audiocassettes | Clippings (information artifacts) | Correspondence | Newsletters | Photographs | Printed ephemera | Scr	eng | eng | The collection is in English.	https://archives.cjh.org/repositories/3/resources/15610
26	3	American Jewish Historical Society	19721	National Jewish Welfare Board, Records	National Jewish Welfare Board	undated, 1889-1995 (bulk 1917-1990)	0	0	2	2	4	1	0	0	Armed Forces -- Prayers and devotions | Agendas (administrative records) | Annual reports | Application forms | Aprons (	eng | eng | heb | yid | spa | fre | ita | swe | ger | lat | hun | afr | The collection is in English, Hebrew, Yiddish, Spanish, French, Italian, Swedish, German, Latin, Hungarian and Afrikaans.	https://archives.cjh.org/repositories/3/resources/19721
26	3	American Jewish Historical Society	19997	John Langeloth Loeb and Frances Lehman Loeb Family Papers	Lehman family | Loeb family | Loeb, Frances Lehman, 1906-1996 | Loeb, John Langeloth, 1902-	1893 -- 1997 | 1926 -- 1998	0	1	6	0	0	0	1	5	Artifacts (object genre) | Correspondence | Legal correspondence | Photographs	eng | Latn	https://archives.cjh.org/repositories/3/resources/19997
26	3	American Jewish Historical Society	765	Brit Tzedek v'Shalom/Jewish Alliance for Justice and Peace Records		2002-2012	1	2	0	0	1	1	0	0	Petitions | Clippings (information artifacts) | Conferences | Circular letters | Compact discs | DVDs | VHS	eng | eng | The collection is in English.	https://archives.cjh.org/repositories/3/resources/765
26	7	YIVO Institute for Jewish Research	21290	Joseph Schwarz Papers	Schwarz, Joseph.	1938 -- 1969	0	1	1	2	2	1	0	1	Photographic prints	eng | Latg | yid | Hebr | heb | Hebr | ger | Latn | pol | Latn | ukr | Cyrl | rus | Cyrl | Materials are in Yiddish, English, Hebrew, German, Ukrainian, Polish, and Russian.	https://archives.cjh.org/repositories/7/resources/21290
26	7	YIVO Institute for Jewish Research	3512	Records of the Minsk Jewish Community Council	Minsk Jewish Community Council	1825-1917	0	1	3	1	1	1	0	0	Correspondence | Official documents | Petitions | Official reports | Decrees | Lists (document genres) | Birth registers	rus | rus | pol | heb | yid | Russian with some Polish, Hebrew, and Yiddish.	https://archives.cjh.org/repositories/7/resources/3512
25	3	American Jewish Historical Society	15649	Mordecai Manuel Noah, papers	Noah, M. M. (Mordecai Manuel), 1785-1851	undated, 1816-1851	0	7	2	0	0	1	0	0		eng | Latn | The collection is in English.	https://archives.cjh.org/repositories/3/resources/15649
25	3	American Jewish Historical Society	1657	Samuel Oppenheim Papers	Oppenheim, Samuel, 1857-1928	undated, 1614-1938	0	7	2	1	0	0	1	0	Transcripts | Translations | Stats (copies) | Certificates of registry (ships' papers) | Ledgers (account books) | Minut	eng | Latn | dut | Latn | fre | Latn | por | Latn | yid | Hebr | The collection is in English, Dutch, French, Portuguese, and Yiddish.	https://archives.cjh.org/repositories/3/resources/1657
25	3	American Jewish Historical Society	19891	Russ & Daughters Business and Family Records		circa 1929-2019 | 1959-2014	0	0	4	0	0	1	0	3		eng	https://archives.cjh.org/repositories/3/resources/19891
25	7	YIVO Institute for Jewish Research	21067	Union Generale des Israelites de France Records		1942 -- 1944	0	0	6	0	5	1	0	0		fre | Latn	https://archives.cjh.org/repositories/7/resources/21067
25	7	YIVO Institute for Jewish Research	22468	Aron Zundelevich Collection	Zundelevich, Aron, 1852-1923	1889 -- 1933	0	0	1	0	2	1	1	0		rus | Cyrl | yid | Hebr | ger | Latn	https://archives.cjh.org/repositories/7/resources/22468
25	7	YIVO Institute for Jewish Research	3614	Abraham Moshe Bernstein Collection		1878-1936 | bulk 1898-1931	0	0	10	4	0	1	0	0	Jews -- Music | Sheet music | Clippings (information artifacts) | Correspondence | Essays | Hymns	heb | Hebr | yid | Hebr | rus | Cyrl | ger | Latn | pol | Latn | The collection is in Hebrew, Yiddish, with some Russian, Polish, and German.	https://archives.cjh.org/repositories/7/resources/3614
25	7	YIVO Institute for Jewish Research	525	Papers of Horace Meyer Kallen		1902-1970 | 1922-1952	0	1	2	2	1	1	0	0	Correspondence | Financial records | Manuscripts (documents) | Clippings (information artifacts) | Photographs	eng | eng | ger | fre | yid | ita | rom | spa | heb | chi | eng | The collection is in English, with some German, French and Yiddish, and with a small amount of Italian, Romanian, Spanish, Hebrew, Chinese and Shorthand. 	https://archives.cjh.org/repositories/7/resources/525
24	3	American Jewish Historical Society	13247	Hadassah Medical Organization Records in the Hadassah Archives	Hadassah, the Women's Zionist Organization of America	1918-2011 | 1940 -- 1990	0	0	0	1	1	2	0	0	Administrative records | Articles | Brochures | Correspondence | Financial records | Minutes (administrative records) | 	eng | Latn | ger | Latn | heb | Hebr | fre | Latn | This collection is predominantly in English with some material in German, Hebrew, and French. Some Hebrew documents have English language annotations and/or translations.	https://archives.cjh.org/repositories/3/resources/13247
24	3	American Jewish Historical Society	13261	Solender Family Papers	Solender family	1890-2003 | 1918 -- 1990	0	0	0	0	0	1	1	3	Correspondence | Minutes (administrative records) | Photographs | Publications (documents) | Clippings (information arti	eng | Latn	https://archives.cjh.org/repositories/3/resources/13261
24	3	American Jewish Historical Society	1655	Records of the National Jewish Welfare Board Military Chaplaincy	Lev, Aryeh, 1913-1975 | National Jewish Welfare Board	1917-1983	0	1	1	0	5	0	1	2	Annual reports | Clippings (information artifacts) | Correspondence | Memorandums | Minutes (administrative records) | N	eng | Latn | heb | Hebr | yid | Hebr | fre | Latn | ger | Latn | spa | Latn	https://archives.cjh.org/repositories/3/resources/1655
24	3	American Jewish Historical Society	19714	Nathan Perlmutter (1923-1987) Papers	Perlmutter, Nate	1934-1989 | 1949-1987	0	5	1	0	1	1	0	0	Clippings (information artifacts) | Correspondence | Manuscripts (documents) | Obituaries | Pamphlets | Programs (docume	eng | Latn | yid | Hebr | heb | Hebr | ger | Latn | spa | Latn | ita | Latn	https://archives.cjh.org/repositories/3/resources/19714
24	3	American Jewish Historical Society	5402	Franks Family Papers	Franks family	1711-1821, [1965-1968]	0	12	1	0	0	1	0	1	Correspondence | Business records | Legal documents | Warrants | Bibles | Ketubahs	eng | Latn | heb | Hebr | The collection is in English and Hebrew.	https://archives.cjh.org/repositories/3/resources/5402
24	7	YIVO Institute for Jewish Research	20099	Records of the Yidisher Artistn Fareyn (Yiddish Actors' Union)	Yidisher arṭisṭn-fareyn in Poyln | Weichert, Michał	1909-1940 | 1920-1938	0	0	2	3	1	1	0	0	Correspondence | Minutes (administrative records) | Membership cards	yid | pol | ger | rus | heb | eng | The collection is in Yiddish and Polish, with a few items in German, Russian, Hebrew, and English.	https://archives.cjh.org/repositories/7/resources/20099
23	3	American Jewish Historical Society	15511	Hadassah Archives on Long-term Deposit at the American Jewish Historical Society	Hadassah, the Women's Zionist Organization of America	undated, 1875, 1877, 1894, 1910-2015 | bulk 1920-2010	0	0	1	1	4	1	0	1	Correspondence | Administrative records | Ephemera (general object genre) | Minutes (administrative records) | Photograp	eng | Latn | ger | Latn | heb | Hebr | The Hadassah Archives are primarily in English, with small amounts of German and Hebrew. Other European languages appear very infrequently.	https://archives.cjh.org/repositories/3/resources/15511
23	3	American Jewish Historical Society	19723	Lt. Col. Rachel Diane (Rae) Landy Papers		undated, 1913-2000	0	0	1	0	0	2	0	0	Correspondence | Genealogies (histories)  | Maps (documents) | Photographs | Reminiscences	eng | Latn | The collection is in English.	https://archives.cjh.org/repositories/3/resources/19723
23	3	American Jewish Historical Society	2955	Uriah P. Levy Collection		undated, 1787-1948, 1959, 1961, 1985, 2005	0	1	0	0	0	2	0	0	Deeds | Military records | Regulations (executive records) | Visiting cards | Pamphlets | Correspondence | Bills of sale	eng | Latn | heb | Hebr | The collection is in English with some Hebrew.	https://archives.cjh.org/repositories/3/resources/2955
23	4	American Sephardi Federation	188	Papers of Victor D. Sanua	Sanua, Victor D.	1938-2009 | 1960-2005	0	0	1	1	0	1	1	0	Financial records | Correspondence | Genealogical tables | Manuscripts (documents) | Clippings (information artifacts) |	eng | eng | fre | lad | ara | heb | spa | tur | ita | ger | por | The collection is in English and French with some Ladino, Arabic, Hebrew, Spanish, Turkish, Italian, German, and Portuguese.	https://archives.cjh.org/repositories/4/resources/188
22	3	American Jewish Historical Society	2664	Horowitz-Margareten family collection	Horowitz family | Margareten family	undated, 1921-1994	0	0	0	0	0	2	0	1		eng | Latn	https://archives.cjh.org/repositories/3/resources/2664
22	7	YIVO Institute for Jewish Research	21418	Felix and Judith Fibich Papers	Fibich, Felix, 1917-2014 | Berg, Judith	1930 -- 2014	0	0	0	0	1	2	0	0		eng | Latn	https://archives.cjh.org/repositories/7/resources/21418
21	3	American Jewish Historical Society	2953	Solomon Robert Kagan papers	Kagan, Solomon R. (Solomon Robert), 1889-1955	undated, 1920, 1928, 1938, 1940-1955	0	0	3	1	0	1	0	0	Clippings (information artifacts) | Correspondence | Pamphlets | Petitions	eng | Latn | heb | Hebr | ger | Latn | fre | Latn | The collection is predominantly in English, with some Hebrew, German, and French.	https://archives.cjh.org/repositories/3/resources/2953
21	3	American Jewish Historical Society	6378	Touro family (Newport, R.I.), Papers	Jacobs, Solomon, 1777-1827	late 1700s-1849	0	3	0	0	1	1	0	0	Correspondence | Official documents | Legal documents	eng | Latn | The collection is in English.	https://archives.cjh.org/repositories/3/resources/6378
21	7	YIVO Institute for Jewish Research	20108	Music (Vilna Archives)		1892-1938	0	0	1	4	1	1	0	0		yid | Hebr | rus | Cyrl | pol | Latn | ger | Latn | heb | Hebr | The collection is in Yiddish, Russian, Polish, and some German and Hebrew.	https://archives.cjh.org/repositories/7/resources/20108
21	7	YIVO Institute for Jewish Research	21874	Wolkowysker Relief Society Records	Wolkowysker Relief Society	1920 -- 1922	1	1	0	0	0	1	0	0	Photographic prints | Passports | Diaries | Interviews	eng	https://archives.cjh.org/repositories/7/resources/21874
20	3	American Jewish Historical Society	2637	Abba Eban collection	Eban, Abba Solomon, 1915-2002	1955,1959, 1962, 1987	0	0	0	0	0	2	0	0		eng | Latn | English	https://archives.cjh.org/repositories/3/resources/2637
20	3	American Jewish Historical Society	2673	Family history newsletter collection		1929-1930, 1985-2006, 2012	0	0	0	0	0	2	0	0	Newsletters	eng | Latn | English	https://archives.cjh.org/repositories/3/resources/2673
20	3	American Jewish Historical Society	2876	Salomon P. Ratner Autobiography	Ratner, Salomon P.	undated	0	0	0	0	0	2	0	0		eng | Latn	https://archives.cjh.org/repositories/3/resources/2876
20	3	American Jewish Historical Society	5505	Arthur A. Goren Papers	Goren, Arthur A., 1926-	1951-2007 | 1970 -- 2000	0	0	0	0	0	2	0	0	Articles | Bibliographies | Clippings (information artifacts) | Correspondence | Manuscripts (documents) | Notes (docume	eng | Latn | heb | Hebr | yid | Hebr | ger | Latn	https://archives.cjh.org/repositories/3/resources/5505
20	6	Yeshiva University Museum	60	Papers of Kathryn M. Yochelson (1906-2006)		1910, 1948-2000	0	1	1	1	0	1	0	1	Correspondence | Manuscripts (documents) | Negatives (photographs) | Notes (documents) | Photographs | Slides (photograp	eng | eng | ger | fre | heb | pol | This collection is in English, German, French, Hebrew, and Polish.	https://archives.cjh.org/repositories/6/resources/60
19	3	American Jewish Historical Society	2886	Adah Isaacs Menken Collection	Menken, Adah Isaacs, 1835-1868	undated, 1862-1868	0	3	0	0	0	1	0	0	Correspondence | Photographs | Playbills	eng | Latn	https://archives.cjh.org/repositories/3/resources/2886
19	3	American Jewish Historical Society	5656	Seligman Solomon Society Records		1912-1922	0	1	2	0	0	1	0	0		eng | Latn | The collection is in English.	https://archives.cjh.org/repositories/3/resources/5656
19	3	American Jewish Historical Society	5725	Jewish Reconstructionist Foundation Records	Jewish Reconstructionist Foundation	Undated, 1920, 1928-1983 | 1943 -- 1976	0	6	0	0	0	1	0	0	Articles | Bylaws (administrative records) | Cantatas (musical compositions) | Clippings (information artifacts) | Corre	eng | Latn | fre | Latn | ger | Latn | heb | Hebr | ita | Latn | rus | Cyrl | spa | Latn | yid | Hebr	https://archives.cjh.org/repositories/3/resources/5725
19	7	YIVO Institute for Jewish Research	20688	Allan S. Weinberg Collection	Weinberg, Allan S.	1942 -- 1996	0	0	3	0	0	1	0	0		eng	https://archives.cjh.org/repositories/7/resources/20688
19	7	YIVO Institute for Jewish Research	21796	Zinkower Podolier Benevolent Association Records	Zinkower Podolier Benevolent Association	1924 -- 1974	0	1	0	0	3	1	0	0	Photographic prints	eng	https://archives.cjh.org/repositories/7/resources/21796
19	7	YIVO Institute for Jewish Research	21827	Papers of Ida Kaminska and Meir Melman	Kaminska, Ida, 1899-1980 | Melman, Meir, 1900-1978	1960s-1980	0	1	0	2	1	1	0	0	Photographic prints	eng | yid	https://archives.cjh.org/repositories/7/resources/21827
19	7	YIVO Institute for Jewish Research	22532	Papers of Shmuel Rothstein		1930 -- 1965 | undated	0	0	1	0	3	1	0	0		yid | heb | eng	https://archives.cjh.org/repositories/7/resources/22532
19	7	YIVO Institute for Jewish Research	22581	Papers of Y. Y. Trunk	Yivo Institute for Jewish Research	1940 -- 1961 | 1923, 1932-1988, 2003	0	0	1	5	1	0	1	0	Newspaper clippings | Correspondence | Manuscripts for publication	yid | Hebr | eng | Latn | pol | Latn | rus | Cyrl | lit | Latn | jpn | The collection is in Yiddish, with some English, Polish, and Russian and a small amount of Lithuanian and Japanese.	https://archives.cjh.org/repositories/7/resources/22581
19	7	YIVO Institute for Jewish Research	22619	Papers of Mordechai Bernstein		1946 -- 1949	0	0	5	0	0	1	0	0		ger	https://archives.cjh.org/repositories/7/resources/22619
19	7	YIVO Institute for Jewish Research	22651	Arthur Nunberg Papers		1939 -- 2005 | 1950-1992	0	0	1	0	4	1	0	0		yid | Hebr | eng | Latn | pol | Latn	https://archives.cjh.org/repositories/7/resources/22651
19	7	YIVO Institute for Jewish Research	3437	Papers of William Edlin		1894-1948, 1960-1969	0	0	1	4	0	1	0	0	Correspondence | Financial records | Manuscripts (documents) | Minutes (administrative records) | Clippings (information	eng | eng | yid | rus | fre | ger | heb | cze | The collection is in English, Yiddish and Russian, with some French, German, Hebrew, and Czech.	https://archives.cjh.org/repositories/7/resources/3437
19	7	YIVO Institute for Jewish Research	3529	Papers of Leon Feinberg		1906-1969 | 1920-1960	0	1	0	6	0	1	0	0	Correspondence | Manuscripts (documents) | Clippings (information artifacts) | Photographs	yid | yid | rus | eng | heb | The collection is in Yiddish, Russian, English, and Hebrew.	https://archives.cjh.org/repositories/7/resources/3529
18	3	American Jewish Historical Society	15597	Milton Weill Papers		undated, 1917-1954	0	1	1	1	0	1	0	0	World War, 1939-1945 -- Personal narratives | Correspondence | Scrapbooks | Clippings (information artifacts) | Speeches	eng | Latn | fre | Latn | yid | Hebr | heb | Hebr | The collection is in English, French, one item in Yiddish,  and one item in Hebrew.	https://archives.cjh.org/repositories/3/resources/15597
18	3	American Jewish Historical Society	21063	Hebrew Free Loan Society of New York City (HFLS) Records	Hebrew Free Loan Society of New York	undated, 1892-2010 | (bulk 1904-1998)	0	0	2	0	2	0	1	0	Promissory notes	eng | heb | yid	https://archives.cjh.org/repositories/3/resources/21063
18	3	American Jewish Historical Society	2623	Hebrew Sheltering Guardian Society (New York, N.Y.) records	Hebrew Sheltering Guardian Society	undated, 1879-1972, 1995	0	0	2	0	1	1	0	0	Announcements | Annual reports | Articles | Blueprints (reprographic copies) | Bylaws (administrative records) | Clippin	eng | Latn | The collection is in English.	https://archives.cjh.org/repositories/3/resources/2623
18	7	YIVO Institute for Jewish Research	20784	Konstam and Brotter Family Papers	Konstam family | Brotter family	1885 -- 1978	0	2	0	0	0	1	0	1		eng | pol	https://archives.cjh.org/repositories/7/resources/20784
18	7	YIVO Institute for Jewish Research	21139	Papers of A. Litwin	Hurṿits, Sh., 1862-1943	1907-1940s	0	0	0	4	0	1	0	1	Jews -- Humor | Jews -- Folklore | Jews -- Anecdotes | Jews -- Music | Anecdotes | Photographic prints | Poetry	eng	https://archives.cjh.org/repositories/7/resources/21139
17	3	American Jewish Historical Society	15568	Isidore S Meyer Papers	Meyer, Isidore S.	1848-1992 | 1925 -- 1980	0	0	4	0	0	0	1	0	Clippings (information artifacts) | Correspondence | Drafts (documents) | Notes (documents) | Photographs | Speeches (do	eng | Latn | heb | Hebr | ger | Latn | yid | Hebr | dut | Latn | fre | Latn | ita | Latn | spa | Latn	https://archives.cjh.org/repositories/3/resources/15568
17	3	American Jewish Historical Society	15781	United States Holocaust Memorial Museum Collection	United States Holocaust Memorial Museum	1979-1996	0	0	1	0	30	0	1	0	Holocaust, Jewish (1939-1945) -- Sources | Curricula | Newsletters | Pamphlets | Press releases | Publications (document	eng | eng | The collection is in English.	https://archives.cjh.org/repositories/3/resources/15781
17	3	American Jewish Historical Society	18226	Jacob Xenab Cohen, papers	Cohen, J. X. (Jacob Xenab), 1889-1955	undated, 1913-1978	0	0	1	0	2	1	0	0		eng | Latn | heb | Hebr | por | Latn | spa | Latn | The collection is in English, Hebrew, Portuguese, and Spanish.	https://archives.cjh.org/repositories/3/resources/18226
17	3	American Jewish Historical Society	18397	Shloyme Rosenberg Collection	Rosenberg, Shloyme, 1896-1975	undated, 1940-1977	0	0	1	2	0	1	0	0	Articles | Clippings (information artifacts) | Correspondence | Manuscripts (documents) | Photographs | Speeches (docume	yid | Hebr | eng | Latn | fre | Latn | heb | Hebr | The collection is predominantly in Yiddish, with some English, French, and Hebrew.	https://archives.cjh.org/repositories/3/resources/18397
17	7	YIVO Institute for Jewish Research	19976	Papers of Zemach Shabad	Schabad, Z., 1864-1935	1907-1934	0	0	1	2	0	1	0	0	Annual reports | Correspondence | Medical records | Minutes (administrative records) | Poetry | Travel documents	und | rus | Cyrl | The collection is in Russian, with some Polish, Yiddish, and German.	https://archives.cjh.org/repositories/7/resources/19976
17	7	YIVO Institute for Jewish Research	21105	David Shub Collection	Shub, David, 1887-1973	1909 -- 1980	0	0	1	0	2	1	0	0		yid | Hebr | rus | Cyrl | eng | Latn | ger | Latn	https://archives.cjh.org/repositories/7/resources/21105
17	7	YIVO Institute for Jewish Research	21666	First Soroker Bessarabier Mutual Aid Society Records	First Soroker Bessarabier Mutual Aid Society	1910-1950s	0	1	0	0	2	1	0	0	Photographic prints	eng	https://archives.cjh.org/repositories/7/resources/21666
16	3	American Jewish Historical Society	19861	Records of Richard Cohen Associates, Inc. (1979-2000)		undated, 1961-1999	0	0	0	0	2	1	0	1		eng | Latn | yid | Hebr	https://archives.cjh.org/repositories/3/resources/19861
16	3	American Jewish Historical Society	227	Alan L. Cohen Papers	Cohen, Alan, L.	1989, 1993	0	0	2	0	0	1	0	0	Photographs | VHS	eng | Latn	https://archives.cjh.org/repositories/3/resources/227
16	3	American Jewish Historical Society	229	Augusta Ellis Johnson, papers	Johnson, Augusta Ellis 	1869	0	2	0	0	0	1	0	0		eng | Latn | spa | Latn | The collection is in English and Spanish.	https://archives.cjh.org/repositories/3/resources/229
16	3	American Jewish Historical Society	5650	Congregation Shearith Israel, Records	Congregation Shearith Israel (New York, N.Y.)	undated, 1755-1996	0	0	0	0	3	1	0	0		eng | Latn | heb | Hebr | por | Latn | dut | Latn | The collection is predominantly in English, with some Hebrew, Portuguese, and Dutch.	https://archives.cjh.org/repositories/3/resources/5650
16	4	American Sephardi Federation	189	Walter P. Zenner Papers	Zenner, Walter P.	1958-2001 | 1960-1988	0	1	1	0	0	1	0	0		eng | eng | eng | heb | This collection is in English and Hebrew.	https://archives.cjh.org/repositories/4/resources/189
16	7	YIVO Institute for Jewish Research	22589	Papers of Walter Korn		1920s-1970s	0	0	2	0	1	0	1	0		eng | heb | cze | ger	https://archives.cjh.org/repositories/7/resources/22589
15	3	American Jewish Historical Society	13282	Shad Polier Papers	Polier, Shad, 1906-1976	1916-1976 | 1940 -- 1970	0	0	1	0	0	1	0	1	Correspondence | Legal files | Minutes (administrative records) | Clippings (information artifacts) | Photographs | Vita	eng | Latn | yid | Hebr | heb | Hebr | fre | Latn	https://archives.cjh.org/repositories/3/resources/13282
15	3	American Jewish Historical Society	15780	Records of the Friends of Ida Kaminska Theatre Foundation, Inc.	Friends of Ida Kaminska Theatre Foundation, Inc.	1968-1975	0	1	0	1	0	1	0	0	Bank statements | Correspondence | Clippings (information artifacts) | Brochures | Contracts | Checks (bank checks) | In	eng | Latn | yid | Hebr	https://archives.cjh.org/repositories/3/resources/15780
15	3	American Jewish Historical Society	18390	Union of Orthodox Jewish Congregations of America Records		1911-1915, 1925-1997 | 1933 -- 1992	0	0	1	1	0	1	0	0	Brochures | Clippings (information artifacts) | Correspondence | Financial records | Manuals (instructional materials) |	eng | Latn | heb | Hebr | yid | Hebr | rus | Cyrl | The collection is in English, with a few items in Hebrew, Yiddish, and Russian.	https://archives.cjh.org/repositories/3/resources/18390
15	7	YIVO Institute for Jewish Research	21264	Papers of Henry Rosenblatt	Rosenblatt, H. (Henry), 1878-1956	1921 -- 1956	0	1	0	2	0	0	1	0		eng | yid | heb	https://archives.cjh.org/repositories/7/resources/21264
15	7	YIVO Institute for Jewish Research	21334	Papers of Chaim Gutman	Lebediḳer, 1887-1961	1913 -- 1960	0	1	0	2	0	0	1	0		eng | yid	https://archives.cjh.org/repositories/7/resources/21334
15	7	YIVO Institute for Jewish Research	22614	Kleit Family Papers		1917-1931, 1972, 1987, 2000	0	1	0	0	0	1	0	1		eng | yid	https://archives.cjh.org/repositories/7/resources/22614
14	7	YIVO Institute for Jewish Research	20633	Papers of Rochelle G. Saidel	Saidel, Rochelle G.	1975-1989	0	0	0	0	16	0	1	0		eng | yid | por | ger | heb | fre | spa	https://archives.cjh.org/repositories/7/resources/20633
14	7	YIVO Institute for Jewish Research	21984	Lionel S. Reiss Papers	Reiss, Lionel S. (Lionel Samson), 1894-	1921-1952	0	0	2	0	0	0	1	0	Drawings (visual works)	eng	https://archives.cjh.org/repositories/7/resources/21984
14	7	YIVO Institute for Jewish Research	22031	Papers of Henry Stollnitz	Stollnitz, Henry, b.1864.	1875 -- 1931	0	1	1	0	0	0	1	0		eng | yid	https://archives.cjh.org/repositories/7/resources/22031
14	7	YIVO Institute for Jewish Research	3393	Records of the Sofia M. Gurevitch Gymnasium		1906-1940	0	0	0	2	0	1	0	0	Correspondence | Minutes (administrative records) | Diplomas | Petitions | Questionnaires	rus | rus | yid | ukr | ger | pol | The collection is in Russian with some Yiddish, Ukrainian, German, and Polish	https://archives.cjh.org/repositories/7/resources/3393
13	3	American Jewish Historical Society	18371	Robert Mednick Papers	Mednick, Robert	1980-1998, 2017	0	0	1	0	0	0	1	1	Articles | Correspondence | Memorandums | Reports	eng | Latn	https://archives.cjh.org/repositories/3/resources/18371
13	3	American Jewish Historical Society	2694	Leon Agriss papers	Agriss, Leon	undated, 1938-1953	0	1	0	0	0	1	0	0		eng | Latn	https://archives.cjh.org/repositories/3/resources/2694
13	3	American Jewish Historical Society	6014	City Athletic Club Records	City Athletic Club (New York, N.Y.)	undated, 1908-2002	0	1	0	0	0	1	0	0	Photographs | Minutes (administrative records) | Newsletters | Administrative records | Printed ephemera | Scrapbooks | 	eng | eng | This collection is in English.	https://archives.cjh.org/repositories/3/resources/6014
13	3	American Jewish Historical Society	6095	Ellen Brett Aibel Bierman Family Collection	Bierman, Ellen Brett Aibel 	undated, circa 1865-2002 | 1900 -- 1943 | undated, circa 1865-2002 | 1900 -- 194	0	0	1	0	0	0	1	1	Black-and-white photographs | Cabinet photographs | Cartes-de-visite (card photographs) | CD-ROMs | Color photographs | 	eng | Latn	https://archives.cjh.org/repositories/3/resources/6095
13	7	YIVO Institute for Jewish Research	22096	Berele Chagy Papers	Chagy, Berele, 1892-1954	1921 -- 1983	0	1	0	0	0	1	0	0		eng	https://archives.cjh.org/repositories/7/resources/22096
13	7	YIVO Institute for Jewish Research	22101	Morris Leib Kreiner Papers	Kreiner, Morris Leib, 1908-1990	1925 -- 1984	0	1	0	0	0	0	1	1		eng | yid	https://archives.cjh.org/repositories/7/resources/22101
13	7	YIVO Institute for Jewish Research	22414	Records of the Erste Zabner Congregation Bnei Shulem David	Erste Zabner Congregation Bnei Shulem David (New York, N.Y.)	1922-1999	0	0	1	0	0	1	0	0		eng | yid	https://archives.cjh.org/repositories/7/resources/22414
13	7	YIVO Institute for Jewish Research	22420	Records of the First Zaslawer Benevolent Association	First Zaslawer Benevolent Association (New York, N.Y.)	1911-1986	0	1	0	0	0	1	0	0		eng | yid	https://archives.cjh.org/repositories/7/resources/22420
12	3	American Jewish Historical Society	15611	Nathan D. Perlman papers	Perlman, Nathan David, 1887-1952	1915-1953	0	0	0	0	1	1	0	0	Correspondence | Clippings (information artifacts) | Articles | Minutes (administrative records)	eng | Latn | The collection is in English.	https://archives.cjh.org/repositories/3/resources/15611
12	3	American Jewish Historical Society	19862	Robert Rifkind Papers	Rifkind, Robert, 1936-	1913-2013 | 1981 -- 2011	0	0	0	0	1	1	0	0	Building plans | Clippings (information artifacts) | Correspondence | Journals (periodicals) | Magazines (periodicals) |	eng | Latn | ger | Latn | heb | Hebr	https://archives.cjh.org/repositories/3/resources/19862
12	7	YIVO Institute for Jewish Research	21273	Papers of Baruch Glassman	Glasman, Baruch, 1893-1945	1925 -- 1925	0	0	0	1	0	1	0	0		eng | yid	https://archives.cjh.org/repositories/7/resources/21273
12	7	YIVO Institute for Jewish Research	21481	Leib Olitzky Papers	Olitsky, L.	1940s-1960s	0	0	0	1	0	1	0	0		yid	https://archives.cjh.org/repositories/7/resources/21481
12	7	YIVO Institute for Jewish Research	21543	Papers of Barbara Kirshenblatt-Gimblett	Kirshenblatt-Gimblett, Barbara	1900-1970s	0	0	0	2	0	0	1	0	Sound recordings -- Catalogs | Music -- Bibliography -- Catalogs | Jews -- Music | Jews -- Folklore | Photographic print	eng	https://archives.cjh.org/repositories/7/resources/21543
12	7	YIVO Institute for Jewish Research	21584	Papers of Hersh Leib Young	Young, Hersh Leib, 1895-	1915 -- 1975	0	0	0	2	0	0	1	0	Paintings (visual works) | Drawings (visual works) | Poetry	eng | yid	https://archives.cjh.org/repositories/7/resources/21584
12	7	YIVO Institute for Jewish Research	21802	First Klimontover Sick Benevolent Society Records	First Klimontover Sick Benevolent Society	1915 -- 1921	0	0	0	0	1	1	0	0		eng	https://archives.cjh.org/repositories/7/resources/21802
12	7	YIVO Institute for Jewish Research	21960	United Bielsker Relief Records	United Bielsker Relief	ca. 1940s-1982	0	0	0	0	1	1	0	0	Photographic prints	eng	https://archives.cjh.org/repositories/7/resources/21960
12	7	YIVO Institute for Jewish Research	21967	Leo Low Papers	Low, Leo, 1878-1960	1895 -- 1971	0	0	0	0	1	1	0	0	Jews -- Music | Scores (documents for music)	eng | yid | heb	https://archives.cjh.org/repositories/7/resources/21967
12	7	YIVO Institute for Jewish Research	22457	Israel Zajd Collection	Zajd, Israel, 1909-1986	1918-1999	0	0	0	0	1	1	0	0		yid | Hebr | eng | Latn	https://archives.cjh.org/repositories/7/resources/22457
11	3	American Jewish Historical Society	6728	Shaul Osadchey Papers	Osadchey, Shaul, 1950-	undated, 1968-1978, 1980-1981, 1983-1992 | 1970 -- 1988	0	0	1	0	0	0	1	0	Bumper stickers | Clippings (information artifacts) | Commemorative jewelry | Correspondence | Headgear | Memorandums | 	eng | Latn | rus | Cyrl	https://archives.cjh.org/repositories/3/resources/6728
11	7	YIVO Institute for Jewish Research	22090	Papers of Isaac Abraham Reif	Reif, Abraham Isaac, 1871-1946	1900 -- 1934	0	0	1	0	0	0	1	0		eng | yid	https://archives.cjh.org/repositories/7/resources/22090
11	7	YIVO Institute for Jewish Research	22210	Boris Breslow Papers	Breslow, Boris, 1867-1945	undated, 1940s	0	1	0	0	0	0	1	0		eng	https://archives.cjh.org/repositories/7/resources/22210
11	7	YIVO Institute for Jewish Research	22475	Rose Pesotta Collection		1931 -- 1965	0	1	0	0	0	0	1	0		eng | Latn | yid | Hebr | fre | Latn | pol | Latn | spa | Latn	https://archives.cjh.org/repositories/7/resources/22475
10	3	American Jewish Historical Society	12549	Arthur J. Lelyveld Papers	Lelyveld, Arthur J., 1913-1996	1933-1950	0	0	0	0	0	1	0	0	Sermons | Correspondence	eng | Latn | heb | Hebr	https://archives.cjh.org/repositories/3/resources/12549
10	3	American Jewish Historical Society	15233	Harriet Lowenstein Goldstein papers	Goldstein, Harriet B. Lowenstein	undated, 1917-1955	0	0	0	0	0	1	0	0	Scrapbooks | Certificates	eng | Latn | The collection is in English.	https://archives.cjh.org/repositories/3/resources/15233
10	3	American Jewish Historical Society	1718	New York Board of Rabbis Records	New York Board of Rabbis	undated, 1881-2000 | 1948-2000	0	0	0	0	0	1	0	0	Personal correspondence | Color photographs | Black-and-white photographs | Videocassettes | Articles | Clippings (infor	eng | eng | heb | The collection is in English and Hebrew.	https://archives.cjh.org/repositories/3/resources/1718
10	3	American Jewish Historical Society	18373	Norman A. Sugarman papers	Sugarman, Norman A.	1939-1983	0	0	0	0	0	1	0	0	Articles | Clippings (information artifacts) | Manuscripts (documents) | Publications (documents) | Transcripts	eng | Latn | The collection is in English.	https://archives.cjh.org/repositories/3/resources/18373
10	3	American Jewish Historical Society	22537	"Melvin ""Mel"" Stier Ballroom and Nightclub (New York, NY, NY) Business Records"	"Stier, Melvin ""Mel"""	1944 -- 1976 | 1966-1974	0	0	0	0	0	1	0	0		eng	https://archives.cjh.org/repositories/3/resources/22537
10	3	American Jewish Historical Society	5995	Kathleen M. Hyman Papers	Hyman, Kathleen M.	undated, 1956, 1975-1981, 1984, 1987	0	0	0	0	0	1	0	0	Clippings (information artifacts) | Correspondence | Memorandums | Notes (documents) | Photographs	eng | Latn | rus | Cyrl	https://archives.cjh.org/repositories/3/resources/5995
10	3	American Jewish Historical Society	6729	Sidney Franklin Collection	Frumkin family	1922-1976, 1987, 2001-2010 | 1922 -- 1958	0	0	0	0	0	1	0	0	Clippings (information artifacts) | Photographs | Phonograph records | Compact discs	eng | Latn | spa | Latn | yid | Hebr	https://archives.cjh.org/repositories/3/resources/6729
10	7	YIVO Institute for Jewish Research	20597	Leo Hoffman Papers	Hoffman, Leo, 1906-	1911 -- 1978	0	0	0	0	0	1	0	0		eng | chi	https://archives.cjh.org/repositories/7/resources/20597
10	7	YIVO Institute for Jewish Research	20972	Papers of Mishe (Michailo) Mogilevich		1967 -- 1987	0	0	0	0	0	1	0	0		ukr | yid | rus	https://archives.cjh.org/repositories/7/resources/20972
10	7	YIVO Institute for Jewish Research	21626	Korostishever Aid Society Records	Korostishever Aid Society	1920 -- 1953	0	0	0	0	0	1	0	0		eng	https://archives.cjh.org/repositories/7/resources/21626
10	7	YIVO Institute for Jewish Research	21645	Independent Skierniewicer Benevolent Association Records	Independent Skierniewicer Benevolent Association	1913 -- 1963	0	0	0	0	0	1	0	0	Photographic prints	eng | yid	https://archives.cjh.org/repositories/7/resources/21645
10	7	YIVO Institute for Jewish Research	21656	United Meseritzer Relief Records	United Meseritzer Relief (New York, N.Y.)	1952 -- 1957	0	0	0	0	0	1	0	0		eng	https://archives.cjh.org/repositories/7/resources/21656
10	7	YIVO Institute for Jewish Research	21657	Independent Meseritzer Young Men's Association Records	Independent Meseritzer Young Men's Association	1911 -- 1977	0	0	0	0	0	1	0	0		eng	https://archives.cjh.org/repositories/7/resources/21657
10	7	YIVO Institute for Jewish Research	21753	Stanislauer Progressive Benevolent Association Records	Stanislauer Progressive Benevolent Association	1917 -- 1973	0	0	0	0	0	1	0	0		eng	https://archives.cjh.org/repositories/7/resources/21753
10	7	YIVO Institute for Jewish Research	21757	True Brethren Benevolent Association Records	True Brethren Benevolent Association	1919 -- 1975	0	0	0	0	0	1	0	0		eng	https://archives.cjh.org/repositories/7/resources/21757
10	7	YIVO Institute for Jewish Research	21776	Kopister Benevolent Association Records	Kopister Benevolent Association	1951 -- 1976	0	0	0	0	0	1	0	0		eng	https://archives.cjh.org/repositories/7/resources/21776
10	7	YIVO Institute for Jewish Research	21797	First Zawichoster Young Men's Benevolent Association Records	First Zawichoster Young Men's Benevolent Association	1914 -- 1953	0	0	0	0	0	1	0	0	Photographic prints	eng	https://archives.cjh.org/repositories/7/resources/21797
10	7	YIVO Institute for Jewish Research	21804	First Krystonopoler Sick and Benevolent Society Records	First Krystonopoler Sick and Benevolent Society	1947 -- 1974	0	0	0	0	0	1	0	0		eng	https://archives.cjh.org/repositories/7/resources/21804
10	7	YIVO Institute for Jewish Research	21823	Lechowitzer Ladies Auxiliary Records	Lechowitzer Ladies Auxiliary	1946 -- 1961	0	0	0	0	0	1	0	0		eng	https://archives.cjh.org/repositories/7/resources/21823
10	7	YIVO Institute for Jewish Research	21846	Erster Krzywcza On San Benevolent Society Records	Erster Krzywcza On San Benevolent Society	1908 | 1946 -- 1966	0	0	0	0	0	1	0	0		eng	https://archives.cjh.org/repositories/7/resources/21846
10	7	YIVO Institute for Jewish Research	21876	Kipiler Young Men's Benevolent Association Records	Kipiler Young Men's Benevolent Association	1958 -- 1972	0	0	0	0	0	1	0	0		eng	https://archives.cjh.org/repositories/7/resources/21876
10	7	YIVO Institute for Jewish Research	21904	Vileika Aid Association of Lynn, Massachusetts Records	Vileika Aid Association of Lynn, Massachusetts	1915 -- 1957	0	0	0	0	0	1	0	0		eng	https://archives.cjh.org/repositories/7/resources/21904
10	7	YIVO Institute for Jewish Research	21914	Independent Rohatyner Young Men's Benevolent Association Records	Independent Rohatyner Young Men's Benevolent Association	1953 -- 1977	0	0	0	0	0	1	0	0		eng	https://archives.cjh.org/repositories/7/resources/21914
10	7	YIVO Institute for Jewish Research	21916	First Ushitzer Podoler Benevolent Association Records	First Ushitzer Podoler Benevolent Association	1913 -- 1971	0	0	0	0	0	1	0	0		eng	https://archives.cjh.org/repositories/7/resources/21916
10	7	YIVO Institute for Jewish Research	21917	Piaterer Progressive Benevolent Society Records	Piaterer Progressive Benevolent Society	1926, 1939-1970s	0	0	0	0	0	1	0	0	Photographic prints	eng	https://archives.cjh.org/repositories/7/resources/21917
10	7	YIVO Institute for Jewish Research	22169	Collection of Boys' Congregation of Talmud Torah Tifereth Israel	Boys' Congregation of Talmud Torah Tifereth Israel, Brooklyn	1920s-1980s	0	0	0	0	0	1	0	0		eng	https://archives.cjh.org/repositories/7/resources/22169
10	7	YIVO Institute for Jewish Research	22268	Papers of Israel Mordechai Biderman		1937-1970s	0	0	0	0	0	1	0	0		eng | pol | heb | yid	https://archives.cjh.org/repositories/7/resources/22268
10	7	YIVO Institute for Jewish Research	22290	Papers of Leon W. Harris	Harris, Leon W.	1942 -- 1945	0	0	0	0	0	1	0	0		eng	https://archives.cjh.org/repositories/7/resources/22290
10	7	YIVO Institute for Jewish Research	22419	Records of the Chevra Mogen David Anshei Brok (Brock)	Chevra Mogen David Anshei Brok (New York, N.Y.)	1917-1980	0	0	0	0	0	1	0	0		yid | eng	https://archives.cjh.org/repositories/7/resources/22419
10	7	YIVO Institute for Jewish Research	22449	Records of One Thousand Children, Inc.	One Thousand Children, Inc	1896 -- 2007	0	0	0	0	0	1	0	0		eng | ger | fre | ita | por | heb	https://archives.cjh.org/repositories/7/resources/22449
10	7	YIVO Institute for Jewish Research	22564	Papers of Khone Vaynerman		1925 -- 2006	0	0	0	0	0	1	0	0		yid | ukr | rus | eng	https://archives.cjh.org/repositories/7/resources/22564
8	3	American Jewish Historical Society	22558	Abraham Frankel (1884-1984) Autobiography Manuscript and Photograph		undated, circa 1890	0	0	0	0	0	0	1	0		eng	https://archives.cjh.org/repositories/3/resources/22558
8	3	American Jewish Historical Society	6235	Ruth Abusch-Magder Papers	Abusch-Magder, Ruth	1978, 1984-1992	0	0	0	0	0	0	1	0	Handbooks | Conferences | Theses | Clippings (information artifacts)	eng | Latn	https://archives.cjh.org/repositories/3/resources/6235
8	4	American Sephardi Federation	3771	The Papers of Sam Camhi	Camhi, Sam, 1920-	1957-2010 | 1980-2008	0	0	0	0	0	0	1	0	Correspondence | Newsletters | Photographs | Prayer books	eng | eng | heb | lad | The collection is in English, Hebrew, and Ladino.	https://archives.cjh.org/repositories/4/resources/3771
8	4	American Sephardi Federation	3800	Papers of Iyda Hirsh Levitt	Levitt, Iyda Hirsh	1864-1950 | 1935-1945	0	0	0	0	0	0	1	0		eng | eng | The collection is in English.	https://archives.cjh.org/repositories/4/resources/3800
8	7	YIVO Institute for Jewish Research	22960	Papers of Morris Newman		undated	0	0	0	0	0	0	1	0		eng | yid	https://archives.cjh.org/repositories/7/resources/22960
