page_no	chars	conf	script	modality	engine	needs_escalation	text_file
1	0	0.000	none	blank_or_image	tesseract	yes	ocr_tesseract/0001.txt
2	1534	0.918	latin	print	tesseract	no	ocr_tesseract/0002.txt
3	1601	0.924	latin	print	tesseract	no	ocr_tesseract/0003.txt
4	1675	0.933	latin	print	tesseract	no	ocr_tesseract/0004.txt
5	1626	0.927	latin	print	tesseract	no	ocr_tesseract/0005.txt
6	1323	0.939	latin	print	tesseract	no	ocr_tesseract/0006.txt
7	1529	0.908	latin	print	tesseract	no	ocr_tesseract/0007.txt
8	1570	0.937	latin	print	tesseract	no	ocr_tesseract/0008.txt
9	1675	0.939	latin	print	tesseract	no	ocr_tesseract/0009.txt
10	1615	0.935	latin	print	tesseract	no	ocr_tesseract/0010.txt
11	1334	0.945	latin	print	tesseract	no	ocr_tesseract/0011.txt
12	73	0.538	latin	handwriting_or_image	tesseract	yes	ocr_tesseract/0012.txt
13	1293	0.846	latin	print	tesseract	no	ocr_tesseract/0013.txt
14	1402	0.857	latin	print	tesseract	no	ocr_tesseract/0014.txt
15	1236	0.779	latin	print	tesseract	no	ocr_tesseract/0015.txt
16	1290	0.884	latin	print	tesseract	no	ocr_tesseract/0016.txt
17	1102	0.863	latin	print	tesseract	no	ocr_tesseract/0017.txt
18	1368	0.815	latin	print	tesseract	no	ocr_tesseract/0018.txt
19	1555	0.920	latin	print	tesseract	no	ocr_tesseract/0019.txt
20	1802	0.915	latin	print	tesseract	no	ocr_tesseract/0020.txt
21	1639	0.899	latin	print	tesseract	no	ocr_tesseract/0021.txt
22	1717	0.782	latin	print	tesseract	no	ocr_tesseract/0022.txt
23	1734	0.890	latin	print	tesseract	no	ocr_tesseract/0023.txt
24	1627	0.883	latin	print	tesseract	no	ocr_tesseract/0024.txt
25	1597	0.907	latin	print	tesseract	no	ocr_tesseract/0025.txt
26	1285	0.913	latin	print	tesseract	no	ocr_tesseract/0026.txt
27	1821	0.915	latin	print	tesseract	no	ocr_tesseract/0027.txt
28	0	0.000	none	blank_or_image	tesseract	yes	ocr_tesseract/0028.txt
29	2146	0.881	latin	print	tesseract	no	ocr_tesseract/0029.txt
30	1642	0.934	latin	print	tesseract	no	ocr_tesseract/0030.txt
31	92	0.455	mixed	handwriting_or_image	tesseract	yes	ocr_tesseract/0031.txt
32	1358	0.882	latin	print	tesseract	no	ocr_tesseract/0032.txt
33	818	0.935	latin	print	tesseract	no	ocr_tesseract/0033.txt
34	1934	0.919	latin	print	tesseract	no	ocr_tesseract/0034.txt
35	1985	0.930	latin	print	tesseract	no	ocr_tesseract/0035.txt
36	1233	0.858	latin	print	tesseract	no	ocr_tesseract/0036.txt
37	832	0.932	latin	print	tesseract	no	ocr_tesseract/0037.txt
38	1714	0.877	latin	print	tesseract	no	ocr_tesseract/0038.txt
39	572	0.924	latin	print	tesseract	no	ocr_tesseract/0039.txt
40	1064	0.925	latin	print	tesseract	no	ocr_tesseract/0040.txt
41	1556	0.934	latin	print	tesseract	no	ocr_tesseract/0041.txt
42	1391	0.926	latin	print	tesseract	no	ocr_tesseract/0042.txt
43	1829	0.921	latin	print	tesseract	no	ocr_tesseract/0043.txt
44	2163	0.905	latin	print	tesseract	no	ocr_tesseract/0044.txt
45	1111	0.928	latin	print	tesseract	no	ocr_tesseract/0045.txt
46	1146	0.927	latin	print	tesseract	no	ocr_tesseract/0046.txt
47	1126	0.910	latin	print	tesseract	no	ocr_tesseract/0047.txt
48	1615	0.835	latin	print	tesseract	no	ocr_tesseract/0048.txt
49	1074	0.905	latin	print	tesseract	no	ocr_tesseract/0049.txt
50	1389	0.914	latin	print	tesseract	no	ocr_tesseract/0050.txt
51	1564	0.933	latin	print	tesseract	no	ocr_tesseract/0051.txt
52	1014	0.873	latin	print	tesseract	no	ocr_tesseract/0052.txt
53	1242	0.920	latin	print	tesseract	no	ocr_tesseract/0053.txt
54	961	0.926	latin	print	tesseract	no	ocr_tesseract/0054.txt
55	1300	0.932	latin	print	tesseract	no	ocr_tesseract/0055.txt
56	986	0.908	latin	print	tesseract	no	ocr_tesseract/0056.txt
57	1005	0.913	latin	print	tesseract	no	ocr_tesseract/0057.txt
58	1319	0.898	latin	print	tesseract	no	ocr_tesseract/0058.txt
59	894	0.938	latin	print	tesseract	no	ocr_tesseract/0059.txt
60	821	0.763	latin	print	tesseract	no	ocr_tesseract/0060.txt
61	1908	0.682	latin	print_degraded	tesseract	no	ocr_tesseract/0061.txt
62	1696	0.627	latin	print_degraded	tesseract	no	ocr_tesseract/0062.txt
63	1980	0.669	latin	print_degraded	tesseract	no	ocr_tesseract/0063.txt
64	469	0.577	latin	handwriting_or_image	tesseract	yes	ocr_tesseract/0064.txt
65	951	0.536	latin	handwriting_or_image	tesseract	yes	ocr_tesseract/0065.txt
66	2318	0.812	latin	print	tesseract	no	ocr_tesseract/0066.txt
67	2041	0.851	latin	print	tesseract	no	ocr_tesseract/0067.txt
68	2104	0.872	latin	print	tesseract	no	ocr_tesseract/0068.txt
69	2424	0.723	latin	print_degraded	tesseract	no	ocr_tesseract/0069.txt
70	2416	0.844	latin	print	tesseract	no	ocr_tesseract/0070.txt
71	2169	0.839	latin	print	tesseract	no	ocr_tesseract/0071.txt
72	1784	0.864	latin	print	tesseract	no	ocr_tesseract/0072.txt
73	2033	0.850	latin	print	tesseract	no	ocr_tesseract/0073.txt
74	2039	0.824	latin	print	tesseract	no	ocr_tesseract/0074.txt
75	2324	0.701	latin	print_degraded	tesseract	no	ocr_tesseract/0075.txt
76	1844	0.843	latin	print	tesseract	no	ocr_tesseract/0076.txt
77	2089	0.818	latin	print	tesseract	no	ocr_tesseract/0077.txt
78	1202	0.682	latin	print_degraded	tesseract	no	ocr_tesseract/0078.txt
79	0	0.000	none	blank_or_image	tesseract	yes	ocr_tesseract/0079.txt
80	1475	0.899	latin	print	tesseract	no	ocr_tesseract/0080.txt
81	1567	0.939	latin	print	tesseract	no	ocr_tesseract/0081.txt
82	1405	0.936	latin	print	tesseract	no	ocr_tesseract/0082.txt
83	1595	0.937	latin	print	tesseract	no	ocr_tesseract/0083.txt
84	1523	0.915	latin	print	tesseract	no	ocr_tesseract/0084.txt
85	935	0.918	latin	print	tesseract	no	ocr_tesseract/0085.txt
86	757	0.897	latin	print	tesseract	no	ocr_tesseract/0086.txt
87	0	0.000	none	blank_or_image	tesseract	yes	ocr_tesseract/0087.txt
88	1884	0.866	latin	print	tesseract	no	ocr_tesseract/0088.txt
89	2424	0.895	latin	print	tesseract	no	ocr_tesseract/0089.txt
90	1860	0.887	latin	print	tesseract	no	ocr_tesseract/0090.txt
91	1716	0.881	latin	print	tesseract	no	ocr_tesseract/0091.txt
92	2361	0.877	latin	print	tesseract	no	ocr_tesseract/0092.txt
93	2481	0.747	latin	print_degraded	tesseract	no	ocr_tesseract/0093.txt
94	2202	0.905	latin	print	tesseract	no	ocr_tesseract/0094.txt
95	2322	0.929	latin	print	tesseract	no	ocr_tesseract/0095.txt
96	1769	0.886	latin	print	tesseract	no	ocr_tesseract/0096.txt
97	1711	0.916	latin	print	tesseract	no	ocr_tesseract/0097.txt
98	1632	0.888	latin	print	tesseract	no	ocr_tesseract/0098.txt
99	2495	0.937	latin	print	tesseract	no	ocr_tesseract/0099.txt
100	2636	0.929	latin	print	tesseract	no	ocr_tesseract/0100.txt
101	2471	0.935	latin	print	tesseract	no	ocr_tesseract/0101.txt
102	2656	0.933	latin	print	tesseract	no	ocr_tesseract/0102.txt
103	3061	0.935	latin	print	tesseract	no	ocr_tesseract/0103.txt
104	3190	0.941	latin	print	tesseract	no	ocr_tesseract/0104.txt
105	3039	0.928	latin	print	tesseract	no	ocr_tesseract/0105.txt
106	2807	0.931	latin	print	tesseract	no	ocr_tesseract/0106.txt
107	2802	0.924	latin	print	tesseract	no	ocr_tesseract/0107.txt
108	0	0.000	none	blank_or_image	tesseract	yes	ocr_tesseract/0108.txt
109	1520	0.927	latin	print	tesseract	no	ocr_tesseract/0109.txt
110	1778	0.940	latin	print	tesseract	no	ocr_tesseract/0110.txt
111	1651	0.941	latin	print	tesseract	no	ocr_tesseract/0111.txt
112	1774	0.930	latin	print	tesseract	no	ocr_tesseract/0112.txt
113	705	0.935	latin	print	tesseract	no	ocr_tesseract/0113.txt
114	0	0.000	none	blank_or_image	tesseract	yes	ocr_tesseract/0114.txt
115	927	0.909	latin	print	tesseract	no	ocr_tesseract/0115.txt
116	1093	0.923	latin	print	tesseract	no	ocr_tesseract/0116.txt
117	1077	0.921	latin	print	tesseract	no	ocr_tesseract/0117.txt
118	956	0.904	latin	print	tesseract	no	ocr_tesseract/0118.txt
119	1113	0.925	latin	print	tesseract	no	ocr_tesseract/0119.txt
120	1208	0.928	latin	print	tesseract	no	ocr_tesseract/0120.txt
121	999	0.892	latin	print	tesseract	no	ocr_tesseract/0121.txt
122	919	0.918	latin	print	tesseract	no	ocr_tesseract/0122.txt
123	1117	0.910	latin	print	tesseract	no	ocr_tesseract/0123.txt
124	1316	0.928	latin	print	tesseract	no	ocr_tesseract/0124.txt
125	258	0.405	latin	handwriting_or_image	tesseract	yes	ocr_tesseract/0125.txt
126	235	0.420	latin	handwriting_or_image	tesseract	yes	ocr_tesseract/0126.txt
127	143	0.479	latin	handwriting_or_image	tesseract	yes	ocr_tesseract/0127.txt
128	138	0.405	latin	handwriting_or_image	tesseract	yes	ocr_tesseract/0128.txt
129	189	0.413	latin	handwriting_or_image	tesseract	yes	ocr_tesseract/0129.txt
130	232	0.411	latin	handwriting_or_image	tesseract	yes	ocr_tesseract/0130.txt
131	199	0.423	mixed	handwriting_or_image	tesseract	yes	ocr_tesseract/0131.txt
132	280	0.440	latin	handwriting_or_image	tesseract	yes	ocr_tesseract/0132.txt
133	297	0.397	latin	handwriting_or_image	tesseract	yes	ocr_tesseract/0133.txt
134	68	0.493	latin	handwriting_or_image	tesseract	yes	ocr_tesseract/0134.txt
135	309	0.397	latin	handwriting_or_image	tesseract	yes	ocr_tesseract/0135.txt
136	302	0.449	latin	handwriting_or_image	tesseract	yes	ocr_tesseract/0136.txt
137	291	0.455	latin	handwriting_or_image	tesseract	yes	ocr_tesseract/0137.txt
138	198	0.453	latin	handwriting_or_image	tesseract	yes	ocr_tesseract/0138.txt
139	185	0.488	latin	handwriting_or_image	tesseract	yes	ocr_tesseract/0139.txt
140	167	0.391	latin	handwriting_or_image	tesseract	yes	ocr_tesseract/0140.txt
141	78	0.363	latin	handwriting_or_image	tesseract	yes	ocr_tesseract/0141.txt
142	130	0.461	latin	handwriting_or_image	tesseract	yes	ocr_tesseract/0142.txt
143	154	0.578	latin	handwriting_or_image	tesseract	yes	ocr_tesseract/0143.txt
144	0	0.000	none	blank_or_image	tesseract	yes	ocr_tesseract/0144.txt
145	317	0.469	latin	handwriting_or_image	tesseract	yes	ocr_tesseract/0145.txt
146	133	0.397	latin	handwriting_or_image	tesseract	yes	ocr_tesseract/0146.txt
147	291	0.427	latin	handwriting_or_image	tesseract	yes	ocr_tesseract/0147.txt
148	202	0.483	mixed	handwriting_or_image	tesseract	yes	ocr_tesseract/0148.txt
149	275	0.406	latin	handwriting_or_image	tesseract	yes	ocr_tesseract/0149.txt
150	220	0.401	latin	handwriting_or_image	tesseract	yes	ocr_tesseract/0150.txt
151	0	0.000	none	blank_or_image	tesseract	yes	ocr_tesseract/0151.txt
152	148	0.423	latin	handwriting_or_image	tesseract	yes	ocr_tesseract/0152.txt
153	336	0.416	latin	handwriting_or_image	tesseract	yes	ocr_tesseract/0153.txt
154	303	0.416	latin	handwriting_or_image	tesseract	yes	ocr_tesseract/0154.txt
155	163	0.456	latin	handwriting_or_image	tesseract	yes	ocr_tesseract/0155.txt
156	334	0.374	latin	handwriting_or_image	tesseract	yes	ocr_tesseract/0156.txt
157	311	0.462	latin	handwriting_or_image	tesseract	yes	ocr_tesseract/0157.txt
158	151	0.437	latin	handwriting_or_image	tesseract	yes	ocr_tesseract/0158.txt
159	0	0.000	none	blank_or_image	tesseract	yes	ocr_tesseract/0159.txt
160	62	0.474	latin	handwriting_or_image	tesseract	yes	ocr_tesseract/0160.txt
161	6	0.129	latin	handwriting_or_image	tesseract	yes	ocr_tesseract/0161.txt
162	176	0.388	latin	handwriting_or_image	tesseract	yes	ocr_tesseract/0162.txt
163	18	0.474	latin	handwriting_or_image	tesseract	yes	ocr_tesseract/0163.txt
164	0	0.000	none	blank_or_image	tesseract	yes	ocr_tesseract/0164.txt
165	1690	0.932	latin	print	tesseract	no	ocr_tesseract/0165.txt
166	1572	0.942	latin	print	tesseract	no	ocr_tesseract/0166.txt
167	1652	0.947	latin	print	tesseract	no	ocr_tesseract/0167.txt
168	1762	0.943	latin	print	tesseract	no	ocr_tesseract/0168.txt
169	1717	0.946	latin	print	tesseract	no	ocr_tesseract/0169.txt
170	1793	0.937	latin	print	tesseract	no	ocr_tesseract/0170.txt
171	1686	0.950	latin	print	tesseract	no	ocr_tesseract/0171.txt
172	1746	0.949	latin	print	tesseract	no	ocr_tesseract/0172.txt
173	1841	0.943	latin	print	tesseract	no	ocr_tesseract/0173.txt
174	0	0.000	none	blank_or_image	tesseract	yes	ocr_tesseract/0174.txt
175	1928	0.887	latin	print	tesseract	no	ocr_tesseract/0175.txt
176	2319	0.888	latin	print	tesseract	no	ocr_tesseract/0176.txt
177	2108	0.850	latin	print	tesseract	no	ocr_tesseract/0177.txt
178	2453	0.898	latin	print	tesseract	no	ocr_tesseract/0178.txt
179	2104	0.894	latin	print	tesseract	no	ocr_tesseract/0179.txt
180	2294	0.923	latin	print	tesseract	no	ocr_tesseract/0180.txt
181	2132	0.909	latin	print	tesseract	no	ocr_tesseract/0181.txt
182	2054	0.916	latin	print	tesseract	no	ocr_tesseract/0182.txt
183	0	0.000	none	blank_or_image	tesseract	yes	ocr_tesseract/0183.txt
184	1305	0.882	latin	print	tesseract	no	ocr_tesseract/0184.txt
185	1693	0.945	latin	print	tesseract	no	ocr_tesseract/0185.txt
186	1784	0.900	latin	print	tesseract	no	ocr_tesseract/0186.txt
187	1763	0.924	latin	print	tesseract	no	ocr_tesseract/0187.txt
188	1733	0.897	latin	print	tesseract	no	ocr_tesseract/0188.txt
189	26	0.308	latin	handwriting_or_image	tesseract	yes	ocr_tesseract/0189.txt
190	1485	0.920	latin	print	tesseract	no	ocr_tesseract/0190.txt
191	1841	0.918	latin	print	tesseract	no	ocr_tesseract/0191.txt
192	1636	0.940	latin	print	tesseract	no	ocr_tesseract/0192.txt
193	1782	0.943	latin	print	tesseract	no	ocr_tesseract/0193.txt
194	0	0.000	none	blank_or_image	tesseract	yes	ocr_tesseract/0194.txt
195	1619	0.943	latin	print	tesseract	no	ocr_tesseract/0195.txt
196	54	0.468	latin	handwriting_or_image	tesseract	yes	ocr_tesseract/0196.txt
197	1536	0.942	latin	print	tesseract	no	ocr_tesseract/0197.txt
198	103	0.459	latin	handwriting_or_image	tesseract	yes	ocr_tesseract/0198.txt
199	1526	0.908	latin	print	tesseract	no	ocr_tesseract/0199.txt
200	0	0.000	none	blank_or_image	tesseract	yes	ocr_tesseract/0200.txt
201	1412	0.939	latin	print	tesseract	no	ocr_tesseract/0201.txt
202	1292	0.938	latin	print	tesseract	no	ocr_tesseract/0202.txt
203	1447	0.943	latin	print	tesseract	no	ocr_tesseract/0203.txt
204	1457	0.938	latin	print	tesseract	no	ocr_tesseract/0204.txt
205	1423	0.945	latin	print	tesseract	no	ocr_tesseract/0205.txt
206	1746	0.948	latin	print	tesseract	no	ocr_tesseract/0206.txt
207	1769	0.942	latin	print	tesseract	no	ocr_tesseract/0207.txt
208	868	0.937	latin	print	tesseract	no	ocr_tesseract/0208.txt
209	1144	0.878	latin	print	tesseract	no	ocr_tesseract/0209.txt
210	1591	0.894	latin	print	tesseract	no	ocr_tesseract/0210.txt
211	1596	0.888	latin	print	tesseract	no	ocr_tesseract/0211.txt
212	1261	0.872	latin	print	tesseract	no	ocr_tesseract/0212.txt
213	1456	0.890	latin	print	tesseract	no	ocr_tesseract/0213.txt
214	1869	0.914	latin	print	tesseract	no	ocr_tesseract/0214.txt
215	1689	0.902	latin	print	tesseract	no	ocr_tesseract/0215.txt
216	0	0.000	none	blank_or_image	tesseract	yes	ocr_tesseract/0216.txt
217	1925	0.878	latin	print	tesseract	no	ocr_tesseract/0217.txt
218	1558	0.882	latin	print	tesseract	no	ocr_tesseract/0218.txt
219	2218	0.865	latin	print	tesseract	no	ocr_tesseract/0219.txt
220	2124	0.857	latin	print	tesseract	no	ocr_tesseract/0220.txt
221	1635	0.850	latin	print	tesseract	no	ocr_tesseract/0221.txt
222	2339	0.693	latin	print_degraded	tesseract	no	ocr_tesseract/0222.txt
223	1669	0.805	latin	print	tesseract	no	ocr_tesseract/0223.txt
224	2387	0.842	latin	print	tesseract	no	ocr_tesseract/0224.txt
225	2296	0.879	latin	print	tesseract	no	ocr_tesseract/0225.txt
226	1651	0.915	latin	print	tesseract	no	ocr_tesseract/0226.txt
227	205	0.410	latin	handwriting_or_image	tesseract	yes	ocr_tesseract/0227.txt
228	316	0.426	latin	handwriting_or_image	tesseract	yes	ocr_tesseract/0228.txt
229	35	0.601	latin	print_degraded	tesseract	no	ocr_tesseract/0229.txt
230	159	0.411	latin	handwriting_or_image	tesseract	yes	ocr_tesseract/0230.txt
231	326	0.448	latin	handwriting_or_image	tesseract	yes	ocr_tesseract/0231.txt
232	0	0.000	none	blank_or_image	tesseract	yes	ocr_tesseract/0232.txt
233	33	0.513	latin	handwriting_or_image	tesseract	yes	ocr_tesseract/0233.txt
234	0	0.000	none	blank_or_image	tesseract	yes	ocr_tesseract/0234.txt
235	146	0.377	latin	handwriting_or_image	tesseract	yes	ocr_tesseract/0235.txt
236	0	0.000	none	blank_or_image	tesseract	yes	ocr_tesseract/0236.txt
237	1935	0.884	latin	print	tesseract	no	ocr_tesseract/0237.txt
238	1896	0.905	latin	print	tesseract	no	ocr_tesseract/0238.txt
239	1790	0.900	latin	print	tesseract	no	ocr_tesseract/0239.txt
240	1900	0.910	latin	print	tesseract	no	ocr_tesseract/0240.txt
241	34	0.538	mixed	handwriting_or_image	tesseract	yes	ocr_tesseract/0241.txt
242	2335	0.815	latin	print	tesseract	no	ocr_tesseract/0242.txt
243	78	0.613	latin	print_degraded	tesseract	no	ocr_tesseract/0243.txt
244	2106	0.894	latin	print	tesseract	no	ocr_tesseract/0244.txt
245	1761	0.869	latin	print	tesseract	no	ocr_tesseract/0245.txt
246	1252	0.874	latin	print	tesseract	no	ocr_tesseract/0246.txt
247	2211	0.848	latin	print	tesseract	no	ocr_tesseract/0247.txt
248	1215	0.904	latin	print	tesseract	no	ocr_tesseract/0248.txt
249	1801	0.907	latin	print	tesseract	no	ocr_tesseract/0249.txt
250	2329	0.903	latin	print	tesseract	no	ocr_tesseract/0250.txt
251	1523	0.870	latin	print	tesseract	no	ocr_tesseract/0251.txt
252	2399	0.898	latin	print	tesseract	no	ocr_tesseract/0252.txt
253	829	0.869	latin	print	tesseract	no	ocr_tesseract/0253.txt
254	2482	0.883	latin	print	tesseract	no	ocr_tesseract/0254.txt
255	72	0.585	latin	handwriting_or_image	tesseract	yes	ocr_tesseract/0255.txt
256	2252	0.932	latin	print	tesseract	no	ocr_tesseract/0256.txt
257	2666	0.916	latin	print	tesseract	no	ocr_tesseract/0257.txt
258	0	0.000	none	blank_or_image	tesseract	yes	ocr_tesseract/0258.txt
259	3316	0.695	latin	print_degraded	tesseract	no	ocr_tesseract/0259.txt
260	42	0.449	latin	handwriting_or_image	tesseract	yes	ocr_tesseract/0260.txt
261	1038	0.812	latin	print	tesseract	no	ocr_tesseract/0261.txt
262	1470	0.925	latin	print	tesseract	no	ocr_tesseract/0262.txt
263	1246	0.926	latin	print	tesseract	no	ocr_tesseract/0263.txt
264	1404	0.935	latin	print	tesseract	no	ocr_tesseract/0264.txt
265	1450	0.938	latin	print	tesseract	no	ocr_tesseract/0265.txt
266	1606	0.927	latin	print	tesseract	no	ocr_tesseract/0266.txt
267	1369	0.921	latin	print	tesseract	no	ocr_tesseract/0267.txt
268	1341	0.929	latin	print	tesseract	no	ocr_tesseract/0268.txt
269	1204	0.938	latin	print	tesseract	no	ocr_tesseract/0269.txt
270	354	0.501	latin	handwriting_or_image	tesseract	yes	ocr_tesseract/0270.txt
271	1507	0.937	latin	print	tesseract	no	ocr_tesseract/0271.txt
272	1407	0.914	latin	print	tesseract	no	ocr_tesseract/0272.txt
273	1684	0.945	latin	print	tesseract	no	ocr_tesseract/0273.txt
274	1551	0.936	latin	print	tesseract	no	ocr_tesseract/0274.txt
275	1507	0.929	latin	print	tesseract	no	ocr_tesseract/0275.txt
276	1312	0.932	latin	print	tesseract	no	ocr_tesseract/0276.txt
277	1227	0.926	latin	print	tesseract	no	ocr_tesseract/0277.txt
278	1599	0.945	latin	print	tesseract	no	ocr_tesseract/0278.txt
279	1696	0.934	latin	print	tesseract	no	ocr_tesseract/0279.txt
280	1872	0.935	latin	print	tesseract	no	ocr_tesseract/0280.txt
281	1466	0.940	latin	print	tesseract	no	ocr_tesseract/0281.txt
282	1984	0.939	latin	print	tesseract	no	ocr_tesseract/0282.txt
283	1865	0.932	latin	print	tesseract	no	ocr_tesseract/0283.txt
284	1738	0.923	latin	print	tesseract	no	ocr_tesseract/0284.txt
285	1649	0.936	latin	print	tesseract	no	ocr_tesseract/0285.txt
286	1823	0.945	latin	print	tesseract	no	ocr_tesseract/0286.txt
287	1652	0.911	latin	print	tesseract	no	ocr_tesseract/0287.txt
288	1418	0.927	latin	print	tesseract	no	ocr_tesseract/0288.txt
289	1643	0.928	latin	print	tesseract	no	ocr_tesseract/0289.txt
290	1644	0.923	latin	print	tesseract	no	ocr_tesseract/0290.txt
291	1616	0.935	latin	print	tesseract	no	ocr_tesseract/0291.txt
292	1836	0.927	latin	print	tesseract	no	ocr_tesseract/0292.txt
293	1945	0.947	latin	print	tesseract	no	ocr_tesseract/0293.txt
294	1668	0.932	latin	print	tesseract	no	ocr_tesseract/0294.txt
295	1575	0.933	latin	print	tesseract	no	ocr_tesseract/0295.txt
296	1458	0.929	latin	print	tesseract	no	ocr_tesseract/0296.txt
297	1586	0.937	latin	print	tesseract	no	ocr_tesseract/0297.txt
298	1870	0.940	latin	print	tesseract	no	ocr_tesseract/0298.txt
299	1604	0.929	latin	print	tesseract	no	ocr_tesseract/0299.txt
300	1952	0.938	latin	print	tesseract	no	ocr_tesseract/0300.txt
301	1782	0.927	latin	print	tesseract	no	ocr_tesseract/0301.txt
302	1656	0.908	latin	print	tesseract	no	ocr_tesseract/0302.txt
303	1564	0.935	latin	print	tesseract	no	ocr_tesseract/0303.txt
304	1724	0.940	latin	print	tesseract	no	ocr_tesseract/0304.txt
305	1457	0.933	latin	print	tesseract	no	ocr_tesseract/0305.txt
306	1619	0.937	latin	print	tesseract	no	ocr_tesseract/0306.txt
307	1596	0.882	latin	print	tesseract	no	ocr_tesseract/0307.txt
308	1715	0.941	latin	print	tesseract	no	ocr_tesseract/0308.txt
309	1758	0.934	latin	print	tesseract	no	ocr_tesseract/0309.txt
310	1427	0.930	latin	print	tesseract	no	ocr_tesseract/0310.txt
311	1614	0.938	latin	print	tesseract	no	ocr_tesseract/0311.txt
312	1608	0.919	latin	print	tesseract	no	ocr_tesseract/0312.txt
313	1636	0.950	latin	print	tesseract	no	ocr_tesseract/0313.txt
314	1796	0.924	latin	print	tesseract	no	ocr_tesseract/0314.txt
315	1418	0.931	latin	print	tesseract	no	ocr_tesseract/0315.txt
316	1563	0.941	latin	print	tesseract	no	ocr_tesseract/0316.txt
317	1758	0.938	latin	print	tesseract	no	ocr_tesseract/0317.txt
318	1531	0.943	latin	print	tesseract	no	ocr_tesseract/0318.txt
319	1533	0.932	latin	print	tesseract	no	ocr_tesseract/0319.txt
320	1575	0.930	latin	print	tesseract	no	ocr_tesseract/0320.txt
321	1594	0.934	latin	print	tesseract	no	ocr_tesseract/0321.txt
322	1553	0.935	latin	print	tesseract	no	ocr_tesseract/0322.txt
323	1674	0.947	latin	print	tesseract	no	ocr_tesseract/0323.txt
324	1675	0.926	latin	print	tesseract	no	ocr_tesseract/0324.txt
325	1595	0.938	latin	print	tesseract	no	ocr_tesseract/0325.txt
326	1398	0.922	latin	print	tesseract	no	ocr_tesseract/0326.txt
327	1641	0.932	latin	print	tesseract	no	ocr_tesseract/0327.txt
328	2074	0.934	latin	print	tesseract	no	ocr_tesseract/0328.txt
329	2020	0.931	latin	print	tesseract	no	ocr_tesseract/0329.txt
330	1997	0.920	latin	print	tesseract	no	ocr_tesseract/0330.txt
331	1737	0.916	latin	print	tesseract	no	ocr_tesseract/0331.txt
332	1717	0.944	latin	print	tesseract	no	ocr_tesseract/0332.txt
333	1593	0.939	latin	print	tesseract	no	ocr_tesseract/0333.txt
334	1404	0.871	latin	print	tesseract	no	ocr_tesseract/0334.txt
335	1413	0.895	latin	print	tesseract	no	ocr_tesseract/0335.txt
336	1487	0.901	latin	print	tesseract	no	ocr_tesseract/0336.txt
337	1520	0.900	latin	print	tesseract	no	ocr_tesseract/0337.txt
338	299	0.397	latin	handwriting_or_image	tesseract	yes	ocr_tesseract/0338.txt
339	1400	0.900	latin	print	tesseract	no	ocr_tesseract/0339.txt
340	1616	0.901	latin	print	tesseract	no	ocr_tesseract/0340.txt
341	1301	0.928	latin	print	tesseract	no	ocr_tesseract/0341.txt
342	48	0.536	latin	handwriting_or_image	tesseract	yes	ocr_tesseract/0342.txt
343	1376	0.888	latin	print	tesseract	no	ocr_tesseract/0343.txt
344	1269	0.921	latin	print	tesseract	no	ocr_tesseract/0344.txt
345	1433	0.914	latin	print	tesseract	no	ocr_tesseract/0345.txt
346	1200	0.878	latin	print	tesseract	no	ocr_tesseract/0346.txt
347	67	0.342	latin	handwriting_or_image	tesseract	yes	ocr_tesseract/0347.txt
348	1902	0.868	latin	print	tesseract	no	ocr_tesseract/0348.txt
349	4	0.570	hebrew	handwriting_or_image	tesseract	yes	ocr_tesseract/0349.txt
350	1901	0.851	latin	print	tesseract	no	ocr_tesseract/0350.txt
351	118	0.480	latin	handwriting_or_image	tesseract	yes	ocr_tesseract/0351.txt
352	56	0.540	latin	handwriting_or_image	tesseract	yes	ocr_tesseract/0352.txt
353	421	0.413	latin	handwriting_or_image	tesseract	yes	ocr_tesseract/0353.txt
354	175	0.402	latin	handwriting_or_image	tesseract	yes	ocr_tesseract/0354.txt
355	389	0.416	latin	handwriting_or_image	tesseract	yes	ocr_tesseract/0355.txt
356	189	0.464	latin	handwriting_or_image	tesseract	yes	ocr_tesseract/0356.txt
357	141	0.496	latin	handwriting_or_image	tesseract	yes	ocr_tesseract/0357.txt
358	317	0.425	latin	handwriting_or_image	tesseract	yes	ocr_tesseract/0358.txt
359	107	0.425	latin	handwriting_or_image	tesseract	yes	ocr_tesseract/0359.txt
360	1906	0.853	latin	print	tesseract	no	ocr_tesseract/0360.txt
361	2059	0.918	latin	print	tesseract	no	ocr_tesseract/0361.txt
362	2441	0.919	latin	print	tesseract	no	ocr_tesseract/0362.txt
363	2274	0.919	latin	print	tesseract	no	ocr_tesseract/0363.txt
364	2478	0.923	latin	print	tesseract	no	ocr_tesseract/0364.txt
365	2423	0.913	latin	print	tesseract	no	ocr_tesseract/0365.txt
366	2361	0.921	latin	print	tesseract	no	ocr_tesseract/0366.txt
367	2384	0.920	latin	print	tesseract	no	ocr_tesseract/0367.txt
368	2284	0.913	latin	print	tesseract	no	ocr_tesseract/0368.txt
369	2054	0.916	latin	print	tesseract	no	ocr_tesseract/0369.txt
370	2395	0.909	latin	print	tesseract	no	ocr_tesseract/0370.txt
371	2402	0.908	latin	print	tesseract	no	ocr_tesseract/0371.txt
372	2401	0.892	latin	print	tesseract	no	ocr_tesseract/0372.txt
373	2430	0.911	latin	print	tesseract	no	ocr_tesseract/0373.txt
374	2248	0.899	latin	print	tesseract	no	ocr_tesseract/0374.txt
375	644	0.432	latin	handwriting_or_image	tesseract	yes	ocr_tesseract/0375.txt
376	2137	0.846	latin	print	tesseract	no	ocr_tesseract/0376.txt
377	86	0.471	mixed	handwriting_or_image	tesseract	yes	ocr_tesseract/0377.txt
378	1905	0.787	latin	print	tesseract	no	ocr_tesseract/0378.txt
379	2043	0.922	latin	print	tesseract	no	ocr_tesseract/0379.txt
380	1493	0.839	latin	print	tesseract	no	ocr_tesseract/0380.txt
381	1587	0.900	latin	print	tesseract	no	ocr_tesseract/0381.txt
382	2493	0.898	latin	print	tesseract	no	ocr_tesseract/0382.txt
383	2135	0.857	latin	print	tesseract	no	ocr_tesseract/0383.txt
384	2093	0.757	latin	print	tesseract	no	ocr_tesseract/0384.txt
385	2179	0.927	latin	print	tesseract	no	ocr_tesseract/0385.txt
386	2075	0.847	latin	print	tesseract	no	ocr_tesseract/0386.txt
387	2374	0.912	latin	print	tesseract	no	ocr_tesseract/0387.txt
388	2203	0.823	latin	print	tesseract	no	ocr_tesseract/0388.txt
389	2016	0.806	latin	print	tesseract	no	ocr_tesseract/0389.txt
390	1878	0.807	latin	print	tesseract	no	ocr_tesseract/0390.txt
391	2208	0.828	latin	print	tesseract	no	ocr_tesseract/0391.txt
392	2212	0.917	latin	print	tesseract	no	ocr_tesseract/0392.txt
393	2080	0.892	latin	print	tesseract	no	ocr_tesseract/0393.txt
394	1969	0.872	latin	print	tesseract	no	ocr_tesseract/0394.txt
395	1848	0.920	latin	print	tesseract	no	ocr_tesseract/0395.txt
396	1847	0.891	latin	print	tesseract	no	ocr_tesseract/0396.txt
