page_no	filename	file_id	bytes
1	IL-MTFN-001-G-F-0047-4_0001_0001.jpg		327436
2	IL-MTFN-001-G-F-0047-4_0001_0002.jpg		693256
3	IL-MTFN-001-G-F-0047-4_0001_0003.jpg		765750
4	IL-MTFN-001-G-F-0047-4_0001_0004.jpg		838511
5	IL-MTFN-001-G-F-0047-4_0001_0005.jpg		450543
6	IL-MTFN-001-G-F-0047-4_0001_0006.jpg		467297
7	IL-MTFN-001-G-F-0047-4_0001_0007.jpg		509247
8	IL-MTFN-001-G-F-0047-4_0001_0008.jpg		488756
9	IL-MTFN-001-G-F-0047-4_0001_0009.jpg		518293
10	IL-MTFN-001-G-F-0047-4_0001_0010.jpg		468799
11	IL-MTFN-001-G-F-0047-4_0001_0011.jpg		615866
12	IL-MTFN-001-G-F-0047-4_0001_0012.jpg		826326
13	IL-MTFN-001-G-F-0047-4_0001_0013.jpg		567233
14	IL-MTFN-001-G-F-0047-4_0001_0014.jpg		661355
15	IL-MTFN-001-G-F-0047-4_0001_0015.jpg		285232
16	IL-MTFN-001-G-F-0047-4_0001_0016.jpg		548567
17	IL-MTFN-001-G-F-0047-4_0001_0017.jpg		696830
18	IL-MTFN-001-G-F-0047-4_0001_0018.jpg		819875
19	IL-MTFN-001-G-F-0047-4_0001_0019.jpg		741242
20	IL-MTFN-001-G-F-0047-4_0001_0020.jpg		261065
21	IL-MTFN-001-G-F-0047-4_0001_0021.jpg		392411
22	IL-MTFN-001-G-F-0047-4_0001_0022.jpg		517511
23	IL-MTFN-001-G-F-0047-4_0001_0023.jpg		559450
24	IL-MTFN-001-G-F-0047-4_0001_0024.jpg		790466
25	IL-MTFN-001-G-F-0047-4_0001_0025.jpg		910489
26	IL-MTFN-001-G-F-0047-4_0001_0026.jpg		777145
27	IL-MTFN-001-G-F-0047-4_0001_0027.jpg		691275
28	IL-MTFN-001-G-F-0047-4_0001_0028.jpg		751167
29	IL-MTFN-001-G-F-0047-4_0001_0029.jpg		837836
30	IL-MTFN-001-G-F-0047-4_0001_0030.jpg		791094
31	IL-MTFN-001-G-F-0047-4_0001_0031.jpg		877674
32	IL-MTFN-001-G-F-0047-4_0001_0032.jpg		606791
33	IL-MTFN-001-G-F-0047-4_0001_0033.jpg		361525
34	IL-MTFN-001-G-F-0047-4_0001_0034.jpg		411998
35	IL-MTFN-001-G-F-0047-4_0001_0035.jpg		262619
36	IL-MTFN-001-G-F-0047-4_0001_0036.jpg		316672
37	IL-MTFN-001-G-F-0047-4_0001_0037.jpg		668515
38	IL-MTFN-001-G-F-0047-4_0001_0038.jpg		682104
39	IL-MTFN-001-G-F-0047-4_0001_0039.jpg		477158
40	IL-MTFN-001-G-F-0047-4_0001_0040.jpg		466071
41	IL-MTFN-001-G-F-0047-4_0001_0041.jpg		684472
42	IL-MTFN-001-G-F-0047-4_0001_0042.jpg		763551
43	IL-MTFN-001-G-F-0047-4_0001_0043.jpg		775852
44	IL-MTFN-001-G-F-0047-4_0001_0044.jpg		762513
45	IL-MTFN-001-G-F-0047-4_0001_0045.jpg		873168
46	IL-MTFN-001-G-F-0047-4_0001_0046.jpg		653287
47	IL-MTFN-001-G-F-0047-4_0001_0047.jpg		481169
48	IL-MTFN-001-G-F-0047-4_0001_0048.jpg		1185386
49	IL-MTFN-001-G-F-0047-4_0001_0049.jpg		1085877
50	IL-MTFN-001-G-F-0047-4_0001_0050.jpg		964358
51	IL-MTFN-001-G-F-0047-4_0001_0051.jpg		888699
52	IL-MTFN-001-G-F-0047-4_0001_0052.jpg		289099
53	IL-MTFN-001-G-F-0047-4_0001_0053.jpg		294799
54	IL-MTFN-001-G-F-0047-4_0001_0054.jpg		885380
55	IL-MTFN-001-G-F-0047-4_0001_0055.jpg		767323
56	IL-MTFN-001-G-F-0047-4_0001_0056.jpg		1163779
57	IL-MTFN-001-G-F-0047-4_0001_0057.jpg		1147629
58	IL-MTFN-001-G-F-0047-4_0001_0058.jpg		839571
59	IL-MTFN-001-G-F-0047-4_0001_0059.jpg		746228
60	IL-MTFN-001-G-F-0047-4_0001_0060.jpg		287978
61	IL-MTFN-001-G-F-0047-4_0001_0061.jpg		852201
62	IL-MTFN-001-G-F-0047-4_0001_0062.jpg		757305
63	IL-MTFN-001-G-F-0047-4_0001_0063.jpg		635214
64	IL-MTFN-001-G-F-0047-4_0001_0064.jpg		669730
65	IL-MTFN-001-G-F-0047-4_0001_0065.jpg		617565
66	IL-MTFN-001-G-F-0047-4_0001_0066.jpg		675058
67	IL-MTFN-001-G-F-0047-4_0001_0067.jpg		592694
68	IL-MTFN-001-G-F-0047-4_0001_0068.jpg		920750
69	IL-MTFN-001-G-F-0047-4_0001_0069.jpg		908141
70	IL-MTFN-001-G-F-0047-4_0001_0070.jpg		715561
71	IL-MTFN-001-G-F-0047-4_0001_0071.jpg		772329
72	IL-MTFN-001-G-F-0047-4_0001_0072.jpg		794773
73	IL-MTFN-001-G-F-0047-4_0001_0073.jpg		639036
74	IL-MTFN-001-G-F-0047-4_0001_0074.jpg		641465
75	IL-MTFN-001-G-F-0047-4_0001_0075.jpg		265789
76	IL-MTFN-001-G-F-0047-4_0001_0076.jpg		703458
77	IL-MTFN-001-G-F-0047-4_0001_0077.jpg		752750
78	IL-MTFN-001-G-F-0047-4_0001_0078.jpg		783153
79	IL-MTFN-001-G-F-0047-4_0001_0079.jpg		741412
80	IL-MTFN-001-G-F-0047-4_0001_0080.jpg		766560
81	IL-MTFN-001-G-F-0047-4_0001_0081.jpg		799804
82	IL-MTFN-001-G-F-0047-4_0001_0082.jpg		665200
83	IL-MTFN-001-G-F-0047-4_0001_0083.jpg		780577
84	IL-MTFN-001-G-F-0047-4_0001_0084.jpg		262579
85	IL-MTFN-001-G-F-0047-4_0001_0085.jpg		857369
86	IL-MTFN-001-G-F-0047-4_0001_0086.jpg		529248
87	IL-MTFN-001-G-F-0047-4_0001_0087.jpg		720502
88	IL-MTFN-001-G-F-0047-4_0001_0088.jpg		497360
89	IL-MTFN-001-G-F-0047-4_0001_0089.jpg		682027
90	IL-MTFN-001-G-F-0047-4_0001_0090.jpg		1036233
91	IL-MTFN-001-G-F-0047-4_0001_0091.jpg		817239
92	IL-MTFN-001-G-F-0047-4_0001_0092.jpg		898085
93	IL-MTFN-001-G-F-0047-4_0001_0093.jpg		924054
94	IL-MTFN-001-G-F-0047-4_0001_0094.jpg		575410
95	IL-MTFN-001-G-F-0047-4_0001_0095.jpg		1036427
96	IL-MTFN-001-G-F-0047-4_0001_0096.jpg		1209624
97	IL-MTFN-001-G-F-0047-4_0001_0097.jpg		506783
98	IL-MTFN-001-G-F-0047-4_0001_0098.jpg		426065
99	IL-MTFN-001-G-F-0047-4_0001_0099.jpg		477177
100	IL-MTFN-001-G-F-0047-4_0001_0100.jpg		922477
101	IL-MTFN-001-G-F-0047-4_0001_0101.jpg		282232
102	IL-MTFN-001-G-F-0047-4_0001_0102.jpg		1085687
103	IL-MTFN-001-G-F-0047-4_0001_0103.jpg		1143583
104	IL-MTFN-001-G-F-0047-4_0001_0104.jpg		806333
105	IL-MTFN-001-G-F-0047-4_0001_0105.jpg		880453
106	IL-MTFN-001-G-F-0047-4_0001_0106.jpg		592356
