doc_id	page_no	tesseract_grade	tesseract_chars	gemini_chars	ratio
0276-6__0276-D04	5	mixed	1780	2185	1.23
0276-6__0276-D04	4	mixed	2243	2270	1.01
0047-2__0047-2-D08	33	mixed	492	74	0.15
0047-2__0047-2-D05	18	mixed	72	85	1.18
0047-2__0047-2-D05	20	mixed	538	74	0.14
0047-2__0047-2-D08	35	poor	26	72	2.77
0047-2__0047-2-D05	21	poor	23	86	3.74
0047-2__0047-2-D18	81	mixed	410	404	0.99
0047-2__0047-2-D19	82	clean	2170	2213	1.02
0047-2__0047-2-D08	36	poor	0	17	17.0
0047-2__0047-2-D33	135	mixed	74	115	1.55
0047-2__0047-2-D37	154	clean	1259	1301	1.03
0047-2__0047-2-D37	153	clean	2015	2033	1.01
0113-41__0113-S02	15	mixed	1232	1100	0.89
0113-41__0113-S02	14	mixed	1400	1456	1.04
0113-41__0113-S02	13	mixed	1293	1328	1.03
0113-41__0113-S02	17	mixed	1098	1118	1.02
0113-41__0113-S02	16	mixed	1286	1504	1.17
0113-41__0113-S02	21	mixed	1633	1611	0.99
0113-41__0113-S02	19	clean	1545	1541	1.0
0113-41__0113-S02	23	mixed	1728	1801	1.04
0113-41__0113-S02	18	mixed	1364	1212	0.89
0113-41__0113-S02	25	clean	1593	1604	1.01
0113-41__0113-S02	22	mixed	1711	1509	0.88
0113-41__0113-S02	24	mixed	1623	1571	0.97
0113-41__0113-S02	26	mixed	1285	1281	1.0
0185-2__0185-D04	57	poor	16	377	23.56
0185-2__0185-D11	199	mixed	298	320	1.07
0185-2__0185-D04	55	mixed	1024	1025	1.0
0185-2__0185-D11	197	mixed	2842	2875	1.01
0185-2__0185-D11	198	mixed	2234	2355	1.05
0185-2__0185-D11	200	mixed	1664	2155	1.3
0185-2__0185-D11	201	mixed	1848	2134	1.15
0185-2__0185-D11	205	poor	243	232	0.95
0185-2__0185-D11	204	poor	381	463	1.22
0185-2__0185-D11	207	poor	239	235	0.98
0185-2__0185-D11	206	poor	95	93	0.98
0185-2__0185-D11	202	mixed	31	1135	36.61
0185-2__0185-D11	208	poor	382	408	1.07
0185-2__0185-D11	209	poor	1458	1470	1.01
0185-2__0185-D11	210	poor	159	110	0.69
0185-2__0185-D11	212	poor	1119	1192	1.07
0185-2__0185-D11	214	poor	426	517	1.21
0185-2__0185-D11	215	poor	95	97	1.02
0185-2__0185-D11	213	poor	1407	1535	1.09
0185-2__0185-D11	218	poor	408	384	0.94
0185-2__0185-D11	217	poor	332	357	1.08
0185-2__0185-D11	216	poor	1593	1588	1.0
0185-2__0185-D11	219	poor	560	565	1.01
0185-2__0185-D11	220	poor	270	357	1.32
0276-6__0276-D04	8	mixed	716	748	1.04
0276-6__0276-D04	6	mixed	1306	1429	1.09
0276-6__0276-D04	7	mixed	5807	6191	1.07
0276-6__0276-D04	9	clean	3986	4035	1.01
0276-6__0276-D06	11	mixed	1204	1327	1.1
0276-6__0276-D05	10	clean	3880	3880	1.0
0276-6__0276-D06	12	mixed	164	226	1.38
0276-6__0276-D02	2	mixed	10811	12254	1.13
0276-6__0276-D06	15	mixed	823	920	1.12
0276-6__0276-D06	14	mixed	770	849	1.1
0276-6__0276-D06	13	poor	0	1484	1484.0
0276-6__0276-D06	16	mixed	522	643	1.23
0276-6__0276-D06	17	mixed	427	518	1.21
0276-6__0276-D06	21	mixed	699	739	1.06
0276-6__0276-D06	18	mixed	669	695	1.04
0276-6__0276-D06	20	mixed	402	473	1.18
0276-6__0276-D06	19	mixed	539	619	1.15
0276-6__0276-D06	22	mixed	607	614	1.01
0276-6__0276-D06	26	poor	0	143	143.0
0276-6__0276-D06	24	mixed	452	480	1.06
0276-6__0276-D06	23	mixed	726	783	1.08
0276-6__0276-D06	25	mixed	786	829	1.05
0276-6__0276-D06	27	mixed	455	516	1.13
0276-6__0276-D06	28	mixed	1361	1313	0.96
0276-6__0276-D09	39	mixed	3872	4354	1.12
0276-6__0276-D09	40	mixed	2574	4360	1.69
0276-6__0276-D15	55	mixed	5150	6867	1.33
0276-6__0276-D16	63	clean	3571	3577	1.0
0276-6__0276-D15	58	clean	1951	2039	1.05
0276-6__0276-D15	57	mixed	7006	13509	1.93
0276-6__0276-D15	56	mixed	9533	15296	1.6
0422-3__0422-S07	108	mixed	6221	12101	1.95
0422-3__0422-S07	109	mixed	3362	3643	1.08
0422-3__0422-S07	110	mixed	1392	1520	1.09
0422-3__0422-S07	113	mixed	2276	3271	1.44
0422-3__0422-S07	114	mixed	2489	2427	0.98
0422-3__0422-S07	116	mixed	1385	1395	1.01
0422-3__0422-S07	111	mixed	1673	3614	2.16
0422-3__0422-S07	115	mixed	1200	1248	1.04
0422-3__0422-S07	117	mixed	1479	1503	1.02
0422-3__0422-S07	123	mixed	2728	2876	1.05
0422-3__0422-S07	127	mixed	2357	2708	1.15
0422-3__0422-S07	122	mixed	4001	4231	1.06
0422-3__0422-S07	130	mixed	4924	5608	1.14
0422-3__0422-S07	131	mixed	5563	13622	2.45
0422-3__0422-S07	134	poor	567	5106	9.01
0422-3__0422-S07	132	mixed	1618	6026	3.72
0422-3__0422-S07	136	mixed	716	6561	9.16
0422-3__0422-S07	137	mixed	959	7122	7.43
0422-3__0422-S07	135	mixed	2315	12289	5.31
0422-3__0422-S07	139	poor	199	6635	33.34
0422-3__0422-S07	138	poor	561	11776	20.99
0422-3__0422-S07	142	mixed	2037	6008	2.95
0422-3__0422-S07	141	mixed	1761	3725	2.12
0422-3__0422-S07	140	poor	273	7343	26.9
0422-3__0422-S07	150	mixed	1511	1902	1.26
0422-3__0422-S07	149	mixed	1944	2304	1.19
0422-3__0422-S07	145	mixed	9772	16752	1.71
0422-3__0422-S07	152	mixed	1695	1885	1.11
0422-3__0422-S07	146	poor	1554	17222	11.08
0422-3__0422-S07	154	mixed	2436	2630	1.08
0422-3__0422-S07	156	mixed	2331	4230	1.81
0422-3__0422-S07	157	mixed	1826	2670	1.46
0422-3__0422-S07	158	mixed	3081	3122	1.01
0422-3__0422-S07	159	mixed	3228	3566	1.1
0422-3__0422-S07	160	mixed	4302	4794	1.11
0422-3__0422-S07	162	mixed	97	113	1.16
0422-3__0422-S13	244	mixed	1214	1215	1.0
0422-3__0422-S13	243	mixed	551	617	1.12
0422-3__0422-S13	242	mixed	1049	1410	1.34
0422-3__0422-S13	246	mixed	2714	2726	1.0
0422-3__0422-S13	245	mixed	6324	7278	1.15
0422-3__0422-S16	281	mixed	1203	1215	1.01
0422-3__0422-S16	280	mixed	597	618	1.04
0422-3__0422-S13	248	mixed	532	740	1.39
0422-3__0422-S16	283	mixed	2047	2067	1.01
0422-3__0422-S16	290	clean	2421	2451	1.01
0422-3__0422-S16	284	mixed	2281	2304	1.01
0422-3__0422-S16	289	clean	2357	2376	1.01
0422-3__0422-S16	282	mixed	5546	7226	1.3
0422-3__0422-S16	291	clean	4580	4589	1.0
0422-3__0422-S16	292	mixed	3729	3708	0.99
0422-3__0422-S16	295	mixed	789	839	1.06
0422-3__0422-S16	294	mixed	2901	2907	1.0
0422-3__0422-S16	293	mixed	3491	3536	1.01
0422-3__0422-S16	296	mixed	1048	1083	1.03
0422-3__0422-S16	297	mixed	3729	3709	0.99
0422-3__0422-S18	313	poor	0	45	45.0
0422-3__0422-S18	322	clean	2102	2126	1.01
0422-3__0422-S18	324	mixed	1959	1927	0.98
0422-3__0422-S18	323	mixed	1613	2400	1.49
0422-3__0422-S18	327	mixed	1476	1460	0.99
0422-3__0422-S18	325	mixed	1717	1688	0.98
0422-3__0422-S18	326	mixed	1510	2733	1.81
0422-3__0422-S18	328	mixed	2146	3261	1.52
0422-3__0422-S18	329	mixed	1914	2140	1.12
0422-3__0422-S18	330	mixed	2200	2398	1.09
0422-3__0422-S18	333	mixed	2237	2195	0.98
0422-3__0422-S18	331	mixed	1951	2173	1.11
0422-3__0422-S18	332	mixed	2280	2244	0.98
0422-3__0422-S18	335	mixed	814	824	1.01
0422-3__0422-S18	334	mixed	894	1483	1.66
0422-3__0422-S18	336	mixed	42	76	1.81
0422-3__0422-S18	338	mixed	2834	3251	1.15
0422-3__0422-S18	340	mixed	189	2107	11.15
0422-3__0422-S18	337	mixed	4589	4996	1.09
0422-3__0422-S18	344	mixed	2027	2068	1.02
0422-3__0422-S18	341	mixed	4152	5033	1.21
0422-3__0422-S18	346	poor	99	2020	20.4
0422-3__0422-S18	347	mixed	4985	9684	1.94
0422-3__0422-S18	345	mixed	6397	9524	1.49
0422-3__0422-S18	348	mixed	7299	9133	1.25
0422-3__0422-S18	349	mixed	8816	13328	1.51
0422-3__0422-S18	350	mixed	6729	8676	1.29
0422-3__0422-S18	352	mixed	8668	9884	1.14
0422-3__0422-S18	353	mixed	2849	4137	1.45
0422-3__0422-S18	355	mixed	137	115	0.84
0422-3__0422-S18	354	mixed	153	2318	15.15
0422-3__0422-S18	351	mixed	10533	13148	1.25
0444-3__0444-D03	25	mixed	1384	1460	1.05
0444-3__0444-D01	7	mixed	1515	1516	1.0
0444-3__0444-D01	6	mixed	2429	2450	1.01
0444-3__0444-D03	26	mixed	2073	2031	0.98
0444-3__0444-D03	27	clean	2390	2408	1.01
0444-3__0444-D03	33	mixed	343	336	0.98
0444-3__0444-D03	29	clean	3959	3998	1.01
0444-3__0444-D04	8	mixed	177	251	1.42
0444-3__0444-D04	11	clean	2788	2730	0.98
0444-3__0444-D04	9	mixed	426	421	0.99
0444-3__0444-D04	12	clean	1213	1254	1.03
0444-3__0444-D04	16	clean	3010	2900	0.96
0444-3__0444-D03	31	mixed	4483	4335	0.97
0444-3__0444-D04	17	mixed	1690	1672	0.99
0444-3__0444-D04	19	mixed	3140	3182	1.01
0444-3__0444-D04	23	mixed	1569	1621	1.03
0444-3__0444-D04	18	mixed	1994	2015	1.01
0444-3__0444-D04	14	mixed	1672	1651	0.99
0444-3__0444-D04	24	mixed	730	714	0.98
0444-3__0444-D03	32	mixed	4807	4817	1.0
0444-3__0444-D05	230	poor	3640	3535	0.97
0444-3__0444-D05	232	clean	4958	4950	1.0
0444-3__0444-D05	234	mixed	3094	3108	1.0
0444-3__0444-D05	235	clean	7340	7198	0.98
0444-3__0444-D05	237	clean	9929	10106	1.02
0444-3__0444-D05	231	poor	3172	3188	1.01
0444-3__0444-D05	238	clean	4956	4950	1.0
0444-3__0444-D05	225	mixed	5496	5568	1.01
0444-3__0444-D05	240	clean	4352	4357	1.0
0444-3__0444-D05	228	clean	6997	7051	1.01
0444-3__0444-D10	249	poor	1376	3669	2.67
0444-3__0444-D05	246	mixed	14562	15096	1.04
0444-3__0444-D10	250	poor	295	1071	3.63
0444-3__0444-D05	247	mixed	17960	19767	1.1
