doc_id	page_no	tesseract_grade	script	hand_kind	layout	legibility	route	why	note
0047-2__0047-2-D05	18	mixed	mixed	latin	single	good	gemini	printed body with handwriting on it	Airmail envelope with printed 'PAR AVION', handwritten address in Latin script, and Hebrew postmarks.
0047-2__0047-2-D05	19	mixed	print		single	good	keep	already transcribed by Transkribus	The back of an airmail envelope from the Jewish Agency with printed text in Hebrew and English.
0047-2__0047-2-D05	20	mixed	mixed	latin	single	good	gemini	printed body with handwriting on it	Letter on printed letterhead with Hebrew text and a handwritten date and body in German Latin cursive.
0047-2__0047-2-D05	21	poor	mixed	hebrew	single	good	gemini	printed body with handwriting on it	The page is an envelope with handwritten Hebrew address and Israeli postage stamps.
0047-2__0047-2-D05	22	poor	print		mostly-image	good	keep	already transcribed by Transkribus	The page contains only a single circular ink stamp on the back of an envelope.
0047-2__0047-2-D08	33	mixed	mixed	latin	single	good	gemini	printed body with handwriting on it	Handwritten letter on a letterhead with Hebrew and Latin print.
0047-2__0047-2-D08	34	mixed	handwriting	latin	single	good	transkribus	handwritten (latin)	Handwritten letter in Latin script with some blue ink annotations at the top and a circular stamp on the left edge.
0047-2__0047-2-D08	35	poor	mixed	hebrew	single	good	gemini	printed body with handwriting on it	Handwritten Hebrew address on an envelope with Israeli postage stamps and postmarks.
0047-2__0047-2-D08	36	poor	mixed	latin	single	good	gemini	printed body with handwriting on it	Back of a used envelope with a partial postmark.
0047-2__0047-2-D14	57	mixed	handwriting	latin	single	good	transkribus	handwritten (latin)	A modern Latin longhand letter in German dated 1959.
0047-2__0047-2-D14	58	mixed	handwriting	latin	single	good	transkribus	handwritten (latin)	The text contains a vertical note in the left margin.
0047-2__0047-2-D14	59	poor	handwriting	latin	single	good	transkribus	handwritten (latin)	Handwritten address in Latin script and some Hebrew script; contains postal stamps.
0047-2__0047-2-D14	60	poor	handwriting	latin	single	good	transkribus	handwritten (latin)	Back of an envelope with two handwritten initials.
0047-2__0047-2-D18	80	mixed	typescript	latin	single	good	keep	already transcribed by Transkribus	Typewritten letter with minor handwritten character corrections.
0047-2__0047-2-D18	81	mixed	typescript		single	good	gemini	typescript, graded mixed	Typewritten text on a slightly creased and cropped slip of paper.
0047-2__0047-2-D19	82	clean	mixed	hebrew	single	good	gemini	printed body with handwriting on it	Typewritten text in German with a short handwritten annotation in Hebrew script at the bottom.
0047-2__0047-2-D19	83	clean	typescript		single	good	keep	already transcribed by Transkribus	Typewritten letter with minor manual corrections to letters/spacing.
0047-2__0047-2-D33	133	mixed	handwriting	latin	single	good	transkribus	handwritten (latin)	Small amount of handwritten text at the bottom, including a date and a name (Dr. M. Schenker).
0047-2__0047-2-D33	134	mixed	handwriting	latin	single	good	transkribus	handwritten (latin)	Text includes a name (Dr. M. Schenker) and a date (16.11.1961) in Latin script, with some words that may be Hebrew.
0047-2__0047-2-D33	135	mixed	mixed	latin	single	good	gemini	printed body with handwriting on it	Handwritten envelope addressed to Israel with an airmail sticker and postal stamps.
0047-2__0047-2-D33	136	mixed	handwriting	latin	single	good	transkribus	handwritten (latin)	A handwritten return address on the flap of an envelope.
0047-2__0047-2-D33	137	clean	handwriting	latin	single	good	transkribus	handwritten (latin)	A very neat, modern Latin cursive hand.
0047-2__0047-2-D33	138	clean	handwriting	latin	single	good	transkribus	handwritten (latin)	The handwriting is a clear Latin script, not Kurrent/Sütterlin.
0047-2__0047-2-D33	139	clean	handwriting	latin	single	good	transkribus	handwritten (latin)	Page number 3 is handwritten at the top right corner. The text is in modern Latin cursive, not Kurrent.
0047-2__0047-2-D33	140	clean	handwriting	latin	single	good	transkribus	handwritten (latin)	A personal letter written in clear Latin cursive.
0047-2__0047-2-D33	141	mixed	handwriting	latin	single	good	transkribus	handwritten (latin)	Contains handwritten notes in Latin and Hebrew scripts.
0047-2__0047-2-D37	153	clean	mixed	latin	single	good	gemini	printed body with handwriting on it	Typewritten letter with handwritten date and note at the top; some paper staining and a horizontal fold crease.
0047-2__0047-2-D37	154	clean	mixed	latin	single	good	gemini	printed body with handwriting on it	Typewritten letter with minor handwritten corrections and a signature.
0113-41__0113-S02	13	mixed	mixed	latin	single	good	gemini	printed body with handwriting on it	Typewritten text with handwritten title in red and several handwritten annotations in margins.
0113-41__0113-S02	14	mixed	mixed	kurrent	single	good	gemini	printed body with handwriting on it	Typewritten text with significant handwritten additions in German Kurrent script both in the margins and interlinear.
0113-41__0113-S02	15	mixed	mixed	latin	single	good	gemini	printed body with handwriting on it	Typewritten text with extensive handwritten annotations in the margins and underlining.
0113-41__0113-S02	16	mixed	mixed	latin	single	good	gemini	printed body with handwriting on it	Typewritten page with significant handwritten additions and underlining in Latin script.
0113-41__0113-S02	17	mixed	mixed	kurrent	single	good	gemini	printed body with handwriting on it	Typescript document with a marginal note in Kurrent script and handwritten corrections in Latin script.
0113-41__0113-S02	18	mixed	mixed	latin	single	good	gemini	printed body with handwriting on it	Typewritten text with significant handwritten Latin script annotations and corrections in the margins and between lines.
0113-41__0113-S02	19	clean	mixed	latin	single	good	gemini	printed body with handwriting on it	Typewritten text with several handwritten corrections and red underlines.
0113-41__0113-S02	20	clean	typescript		single	good	keep	clean print, Tesseract confidence 0.915	Typewritten page with some underline annotations and a small handwritten correction.
0113-41__0113-S02	21	mixed	mixed	latin	single	good	gemini	printed body with handwriting on it	Typewritten text with several handwritten lines at the bottom and some underlined phrases in red ink.
0113-41__0113-S02	22	mixed	mixed	latin	single	good	gemini	printed body with handwriting on it	Typewritten text with extensive handwritten marginalia and underlinings.
0113-41__0113-S02	23	mixed	mixed	latin	single	good	gemini	printed body with handwriting on it	Typewritten text with several handwritten Latin script annotations and marginal notes.
0113-41__0113-S02	24	mixed	mixed	latin	single	good	gemini	printed body with handwriting on it	Typewritten text with handwritten annotations in the left margin and underlining throughout.
0113-41__0113-S02	25	clean	mixed	latin	single	good	gemini	printed body with handwriting on it	Page is mostly typewritten with one large red handwritten word and some blue ink marginalia.
0113-41__0113-S02	26	mixed	typescript		single	good	gemini	typescript, graded mixed	Typewritten text with some minor strike-throughs and underlining by hand.
0113-41__0113-S02	27	clean	typescript		single	good	keep	clean print, Tesseract confidence 0.915	Includes underlined text and a small handwritten mark at the bottom.
0185-2__0185-D04	53	poor	handwriting	latin	two-column	good	transkribus	handwritten (latin)	Parallel columns in Latin and Hebrew script with numerical ordering.
0185-2__0185-D04	54	poor	handwriting	hebrew	single	good	transkribus	handwritten (hebrew)	A few lines of modern Hebrew handwriting and a year date at the bottom of a blank page.
0185-2__0185-D04	55	mixed	mixed	latin	single	good	gemini	printed body with handwriting on it	Typewritten letter with a handwritten signature and underlining at the end.
0185-2__0185-D04	56	poor	handwriting	hebrew	single	good	transkribus	handwritten (hebrew)	The page contains a small block of handwritten Hebrew and two names in Latin block letters (BIERIG, ERLICH).
0185-2__0185-D04	57	poor	mixed	latin	single	good	gemini	printed body with handwriting on it	A mailed envelope with handwritten recipient and return address, postal stamps, and a barcode sticker.
0185-2__0185-D04	58	poor	handwriting	latin	single	good	transkribus	handwritten (latin)	Back of an envelope with a Rio de Janeiro address and postal stamps.
0185-2__0185-D04	59	mixed	handwriting	latin	single	good	transkribus	handwritten (latin)	The text is a handwritten letter in English with Latin longhand.
0185-2__0185-D04	60	mixed	handwriting	latin	single	good	transkribus	handwritten (latin)	Includes some inline corrections and additions above the main text lines.
0185-2__0185-D11	197	mixed	typescript	latin	single	good	gemini	typescript, graded mixed	Page is a geneological chart with some minor handwritten annotations at the top.
0185-2__0185-D11	198	mixed	typescript	latin	single	good	gemini	typescript, graded mixed	Page number '- 2 -' is handwritten at the top.
0185-2__0185-D11	199	mixed	typescript	latin	single	good	gemini	typescript, graded mixed	Computer-generated genealogy report; page numbers and a small mark at the top are handwritten.
0185-2__0185-D11	200	mixed	mixed	hebrew	montage	good	gemini	printed body with handwriting on it	Family tree diagram consisting of typewritten labels and boxes with handwritten Hebrew annotations in red ink.
0185-2__0185-D11	201	mixed	mixed	hebrew	single	good	gemini	printed body with handwriting on it	Typewritten family tree with boxes and lines; includes handwritten Hebrew annotations in the top left corner.
0185-2__0185-D11	202	mixed	mixed	hebrew	mostly-image	low-contrast	gemini	printed body with handwriting on it	A family tree diagram with small, low-contrast printed boxes and Hebrew handwriting at the top right.
0185-2__0185-D11	203	poor	handwriting	hebrew	single	good	transkribus	handwritten (hebrew)	Modern Hebrew handwriting with a list format and arrows.
0185-2__0185-D11	204	poor	print		mostly-image	good	gemini	print, graded poor	Printout of a Hebrew website page from 2002.
0185-2__0185-D11	205	poor	print		single	good	gemini	print, graded poor	Webpage printout with Hebrew text and URL at the bottom.
0185-2__0185-D11	206	poor	print		mostly-image	good	gemini	print, graded poor	The page consists of a photograph with modern Hebrew printed headers and a URL footer.
0185-2__0185-D11	207	poor	print		single	good	gemini	print, graded poor	The page is a printed website footer in Hebrew with a URL and date.
0185-2__0185-D11	208	poor	print		mostly-image	good	gemini	print, graded poor	Printout of a Hebrew website page with multiple small photographs and associated metadata fields.
0185-2__0185-D11	209	poor	mixed	latin	single	good	gemini	printed body with handwriting on it	A few handwritten numbers/years are added above the typescript body.
0185-2__0185-D11	210	poor	print		mostly-image	good	gemini	print, graded poor	The page contains a photograph with minimal printed text in Hebrew and a URL/date in Latin characters.
0185-2__0185-D11	211	poor	handwriting	hebrew	single	good	transkribus	handwritten (hebrew)	Modern Hebrew handwriting in the bottom left corner of a mostly blank page.
0185-2__0185-D11	212	poor	mixed	latin	mostly-image	good	gemini	printed body with handwriting on it	A printed web page in Hebrew with a minor handwritten date annotation in Latin script.
0185-2__0185-D11	213	poor	mixed	latin	single	good	gemini	printed body with handwriting on it	Computer printout of a webpage with Hebrew text and several handwritten years in Latin script.
0185-2__0185-D11	214	poor	print		mostly-image	good	gemini	print, graded poor	Printout of a website page in Hebrew.
0185-2__0185-D11	215	poor	print		single	good	gemini	print, graded poor	A nearly blank page with modern Hebrew header/footer text and a faint bleed-through or watermark in the center.
0185-2__0185-D11	216	poor	mixed	latin	single	good	gemini	printed body with handwriting on it	A small handwritten date '1910' (or similar) is written above the main body of the typewritten text.
0185-2__0185-D11	217	poor	print		mostly-image	good	gemini	print, graded poor	This is a printout of a webpage in Hebrew from Givat Brenner.
0185-2__0185-D11	218	poor	print		single	good	gemini	print, graded poor	The document is a printed webpage in Hebrew from 2002.
0185-2__0185-D11	219	poor	print		mostly-image	good	gemini	print, graded poor	Modern Hebrew website screenshot printout.
0185-2__0185-D11	220	poor	print		mostly-image	good	gemini	print, graded poor	Printout of a web page in Hebrew.
0276-6__0276-D01	1	poor	handwriting	hebrew	single	good	transkribus	handwritten (hebrew)	The page contains Hebrew handwriting and a numeric date.
0276-6__0276-D02	2	mixed	mixed	latin	multi-column	good	gemini	printed body with handwriting on it	A newspaper clipping with handwritten notes in the margins and header.
0276-6__0276-D04	4	mixed	mixed	latin	montage	good	gemini	printed body with handwriting on it	Newspaper clipping with handwritten date and archival reference marks pasted on a sheet with a letterhead.
0276-6__0276-D04	5	mixed	mixed	latin	multi-column	good	gemini	printed body with handwriting on it	Newspaper clipping with handwritten date and reference numbers.
0276-6__0276-D04	6	mixed	mixed	latin	montage	good	gemini	printed body with handwriting on it	A newspaper clipping with handwritten date and reference numbers pasted onto a page with the city logo.
0276-6__0276-D04	7	mixed	mixed	latin	multi-column	good	gemini	printed body with handwriting on it	A newspaper clipping with date and issue number added by hand at the top.
0276-6__0276-D04	8	mixed	mixed	latin	montage	good	gemini	printed body with handwriting on it	Newspaper clipping with handwritten publication details on a letterhead sheet.
0276-6__0276-D04	9	clean	mixed	latin	montage	good	gemini	printed body with handwriting on it	A newspaper clipping with handwritten annotations and a printed letterhead.
0276-6__0276-D05	10	clean	mixed	latin	multi-column	good	gemini	printed body with handwriting on it	Main text is printed newspaper clipping in three columns; the header is a white-on-black handwritten or stylized graphic.
0276-6__0276-D06	11	mixed	typescript		single	good	gemini	typescript, graded mixed	Typewritten program flyer with a photograph and Yiddish/Hebrew text at the bottom.
0276-6__0276-D06	12	mixed	mixed		single	good	gemini	printed body with handwriting on it	Page contains large printed titles and center-aligned typescript body text.
0276-6__0276-D06	13	poor	print		mostly-image	good	gemini	print, graded poor	Illustrated map with street names and landmarks in German, and title in multiple languages.
0276-6__0276-D06	14	mixed	mixed	latin	single	good	gemini	printed body with handwriting on it	Typewritten text with a small handwritten 'X' mark in red ink and captions in multiple languages including Japanese, Arabic, and Chinese.
0276-6__0276-D06	15	mixed	mixed	latin	single	good	gemini	printed body with handwriting on it	The main body is typescript; the red underline is a handwritten annotation.
0276-6__0276-D06	16	mixed	typescript		mostly-image	good	gemini	typescript, graded mixed	The page includes typewritten text at the top and multi-language captions/place names at the bottom banner.
0276-6__0276-D06	17	mixed	mixed		mostly-image	good	gemini	printed body with handwriting on it	Features a mix of large display print, typewriter-style text, and multilingual text including Japanese, Arabic, and Chinese characters at the bottom.
0276-6__0276-D06	18	mixed	typescript		mostly-image	good	gemini	typescript, graded mixed	Text is typewritten with manual underlining; contains multiple languages in the footer.
0276-6__0276-D06	19	mixed	mixed		mostly-image	good	gemini	printed body with handwriting on it	A mix of decorative display type and standard typewriter text over a photograph.
0276-6__0276-D06	20	mixed	typescript	latin	single	good	gemini	typescript, graded mixed	The page includes typewritten text with a small handwritten mark (an X) and photographs with stylized printed captions at the bottom.
0276-6__0276-D06	21	mixed	mixed	latin	single	good	gemini	printed body with handwriting on it	Typescript main text with a small handwritten blue underline and an 'x' mark.
0276-6__0276-D06	22	mixed	typescript		mostly-image	good	gemini	typescript, graded mixed	Text appears to be from a typewriter; includes multi-language city name footer.
0276-6__0276-D06	23	mixed	mixed	latin	montage	good	gemini	printed body with handwriting on it	Typewritten text with handwritten marks and annotations; images at the bottom featuring multilingual captions.
0276-6__0276-D06	24	mixed	typescript		mostly-image	good	gemini	typescript, graded mixed	Typewritten itinerary with photos and a multilingual city name banner at the bottom.
0276-6__0276-D06	25	mixed	mixed	latin	single	good	gemini	printed body with handwriting on it	Typewritten text with small handwritten underlines and marks.
0276-6__0276-D06	26	poor	print		mostly-image	good	gemini	print, graded poor	A tourist map of Cologne (Köln) with street names and landmarks in print.
0276-6__0276-D06	27	mixed	typescript		single	good	gemini	typescript, graded mixed	Typewritten text above a montage of three photographs with captions in multiple languages.
0276-6__0276-D06	28	mixed	mixed	latin	single	good	gemini	printed body with handwriting on it	Typescript list of names with handwritten additions and underlining.
0276-6__0276-D09	39	mixed	print		two-column	good	gemini	print, graded mixed	A newspaper clipping with a handwritten-style header that is part of the printed masthead.
0276-6__0276-D09	40	mixed	mixed	latin	montage	good	gemini	printed body with handwriting on it	A newspaper clipping with a handwritten circle around the letterhead at the top.
0276-6__0276-D13	50	clean	typescript	latin	single	good	keep	clean print, Tesseract confidence 0.955	The typescript includes one minor strike-through and correction in handwriting on the second-to-last paragraph.
0276-6__0276-D13	51	clean	typescript		single	good	keep	clean print, Tesseract confidence 0.945	Page numbers - 2 - and - 3 - are present at the top and bottom of the page.
0276-6__0276-D13	52	clean	typescript		single	good	keep	clean print, Tesseract confidence 0.955	A clean typewritten page with standard alignment and clear characters.
0276-6__0276-D15	55	mixed	mixed	latin	two-column	good	gemini	printed body with handwriting on it	A newspaper clipping with handwritten source/date information at the bottom and some marginal markings.
0276-6__0276-D15	56	mixed	mixed	latin	multi-column	good	gemini	printed body with handwriting on it	A newspaper page with red ink handwritten underlining and marginalia in a modern Latin hand.
0276-6__0276-D15	57	mixed	print		multi-column	good	gemini	print, graded mixed	A newspaper page with five columns of text and a large central photograph.
0276-6__0276-D15	58	clean	mixed	latin	multi-column	good	gemini	printed body with handwriting on it	Newspaper clipping with handwritten date and note in the top left corner.
0276-6__0276-D15	59	clean	print		multi-column	good	keep	clean print, Tesseract confidence 0.894	Some words and sentences are underlined or marked with red ink.
0276-6__0276-D15	60	clean	print		multi-column	good	keep	clean print, Tesseract confidence 0.904	Page contains several newspaper columns and three photographs with captions.
0276-6__0276-D15	61	clean	print		multi-column	good	keep	clean print, Tesseract confidence 0.895	There are some small red handwritten marks and a vertical line on the right side.
0276-6__0276-D16	62	clean	typescript		single	good	keep	clean print, Tesseract confidence 0.956	A clean typewritten page with punch holes and a small stapler mark in the upper left corner.
0276-6__0276-D16	63	clean	mixed	latin	single	good	gemini	printed body with handwriting on it	Typewritten text with a small red handwritten mark in the left margin.
0276-6__0276-D16	64	clean	typescript		single	good	keep	clean print, Tesseract confidence 0.954	A clean, single-page typewritten document in German with page numbers 3 and 4 at the top and bottom centers respectively.
0276-6__0276-D16	65	clean	typescript		single	good	keep	clean print, Tesseract confidence 0.953	A clean typewritten page with page numbers 4 and 5 at the top and bottom respectively.
0276-6__0276-D16	66	clean	typescript		single	good	keep	clean print, Tesseract confidence 0.958	The page contains a horizontal line separator between the speech text and the descriptive summary.
0276-6__0276-D17	67	clean	typescript		single	good	keep	clean print, Tesseract confidence 0.956	A clean typewritten page of speech text.
0276-6__0276-D17	68	clean	typescript		single	good	keep	clean print, Tesseract confidence 0.953	A typewritten page numbered - 2 - containing a speech and a quoted letter from the Mayor of Haifa.
0422-3__0422-S07	108	mixed	print		multi-column	good	gemini	print, graded mixed	Newspaper page with several articles, photographs, and a logo with a Star of David.
0422-3__0422-S07	109	mixed	print		multi-column	good	gemini	print, graded mixed	Newspaper clipping with columns of text and a large photograph with caption.
0422-3__0422-S07	110	mixed	print		single	good	gemini	print, graded mixed	A single flyer or program page within a border, including a photograph of a musician.
0422-3__0422-S07	111	mixed	print		multi-column	good	gemini	print, graded mixed	Newspaper clipping with photos and multiple columns of printed text.
0422-3__0422-S07	112	clean	print		multi-column	good	keep	clean print, Tesseract confidence 0.916	Newspaper clipping with two photographs and a graphic logo.
0422-3__0422-S07	113	mixed	print		multi-column	good	gemini	print, graded mixed	Newspaper clipping with photos and captions.
0422-3__0422-S07	114	mixed	print		two-column	good	gemini	print, graded mixed	A newspaper clipping with a small handwritten 'X' in the top left corner.
0422-3__0422-S07	115	mixed	mixed		two-column	good	gemini	printed body with handwriting on it	The page consists of a mix of typeset print and typewriter text with a small section of musical notation.
0422-3__0422-S07	116	mixed	print		two-column	good	gemini	print, graded mixed	Page contains four sections of music notation with lyrics in German print.
0422-3__0422-S07	117	mixed	typescript		single	good	gemini	typescript, graded mixed	The page contains a single slash mark in the top left and some hole-punch marks on the left margin.
0422-3__0422-S07	118	clean	typescript		single	good	keep	clean print, Tesseract confidence 0.956	The page contains two consecutive page numbers, -2- and -3-, suggesting a continuous text block on a single sheet or a composite scan.
0422-3__0422-S07	119	clean	typescript		single	good	keep	clean print, Tesseract confidence 0.945	The page contains two page numbers, -3- and -4-, indicating it might be a composite of two original document pages or a layout choice.
0422-3__0422-S07	120	clean	typescript		single	good	keep	clean print, Tesseract confidence 0.955	A clean typewritten page with standard alignment.
0422-3__0422-S07	121	clean	typescript		single	good	keep	clean print, Tesseract confidence 0.949	Page 5 of a typewritten document with a signature slash at the top.
0422-3__0422-S07	122	mixed	print		multi-column	good	gemini	print, graded mixed	A newspaper clipping including a photograph and multiple columns of text.
0422-3__0422-S07	123	mixed	mixed	latin	montage	good	gemini	printed body with handwriting on it	Two newspaper clippings pasted onto a page with a handwritten date annotation in the center.
0422-3__0422-S07	124	clean	print		multi-column	good	keep	clean print, Tesseract confidence 0.929	Newspaper clipping with two large photographs and four columns of text.
0422-3__0422-S07	125	clean	print		two-column	good	keep	clean print, Tesseract confidence 0.938	A single newspaper clipping centered on the page.
0422-3__0422-S07	126	clean	print		two-column	good	keep	clean print, Tesseract confidence 0.935	Clipping of a newspaper article from Ulrich Wildermuth with headline 'Tag der Demut'.
0422-3__0422-S07	127	mixed	print		multi-column	good	gemini	print, graded mixed	A newspaper clipping with a photograph and a multi-column text article.
0422-3__0422-S07	128	clean	print		multi-column	good	keep	clean print, Tesseract confidence 0.939	A single newspaper clipping with a photograph and three columns of text; includes a minor handwritten underline.
0422-3__0422-S07	129	clean	print		multi-column	good	keep	clean print, Tesseract confidence 0.932	Newspaper clipping with a central photograph and caption.
0422-3__0422-S07	130	mixed	print		multi-column	good	gemini	print, graded mixed	Clean newspaper clipping with 1, 2, and 3 column layout sections.
0422-3__0422-S07	131	mixed	print		multi-column	good	gemini	print, graded mixed	The page is a newspaper layout with multiple articles and accompanying photographs.
0422-3__0422-S07	132	mixed	print		multi-column	good	gemini	print, graded mixed	Newspaper clipping with two main articles and an image with caption.
0422-3__0422-S07	133	clean	print		two-column	good	keep	clean print, Tesseract confidence 0.921	Standard newspaper layout with three articles across two columns.
0422-3__0422-S07	134	poor	print		multi-column	good	gemini	print, graded poor	Newspaper page with multiple columns, two illustrations, and punch holes at the top.
0422-3__0422-S07	135	mixed	print		multi-column	good	gemini	print, graded mixed	A full newspaper page containing multiple articles and several photographs with captions.
0422-3__0422-S07	136	mixed	print		multi-column	good	gemini	print, graded mixed	A newspaper page with multiple columns, an illustration, and a photograph.
0422-3__0422-S07	137	mixed	print		multi-column	good	gemini	print, graded mixed	Newspaper page with multiple columns, a headline, a small illustration, and one photograph.
0422-3__0422-S07	138	poor	print		multi-column	good	gemini	print, graded poor	Modern newspaper page layout with multiple columns, images, and headlines.
0422-3__0422-S07	139	poor	print		multi-column	good	gemini	print, graded poor	A newspaper clipping with four columns of text, a large headline, and an illustration and a photograph.
0422-3__0422-S07	140	poor	print		multi-column	good	gemini	print, graded poor	Newspaper page with a headline, multiple columns of text, a drawing, and a photograph of a memorial plaque.
0422-3__0422-S07	141	mixed	print		multi-column	good	gemini	print, graded mixed	Blackletter/Fraktur masthead with standard modern print for the body text.
0422-3__0422-S07	142	mixed	print		multi-column	good	gemini	print, graded mixed	A newspaper clipping with a large central photograph and multiple columns of text.
0422-3__0422-S07	143	clean	print		multi-column	good	keep	clean print, Tesseract confidence 0.922	A newspaper clipping with headlines, four columns of text, and a photograph with a caption.
0422-3__0422-S07	144	clean	print		multi-column	good	keep	clean print, Tesseract confidence 0.909	Clipping from a newspaper or magazine with three columns and a large central photograph with caption.
0422-3__0422-S07	145	mixed	print		multi-column	good	gemini	print, graded mixed	Text is organized in three main columns with a small inset box in the bottom left-center. A large photograph is at the top right.
0422-3__0422-S07	146	poor	print		multi-column	good	gemini	print, graded poor	Newspaper page with four columns and a headline.
0422-3__0422-S07	147	clean	print		two-column	good	keep	clean print, Tesseract confidence 0.922	A newspaper clipping about a memorial event in Schwäbisch Hall.
0422-3__0422-S07	148	clean	print		multi-column	good	keep	clean print, Tesseract confidence 0.929	A newspaper clipping with three columns and a large headline.
0422-3__0422-S07	149	mixed	mixed	latin	multi-column	good	gemini	printed body with handwriting on it	single newspaper clipping with minor handwritten corrections to the text
0422-3__0422-S07	150	mixed	print		montage	good	gemini	print, graded mixed	Two newspaper clippings pasted onto a backing sheet.
0422-3__0422-S07	151	clean	print		multi-column	good	keep	clean print, Tesseract confidence 0.945	A newspaper clipping with a photograph and three columns of text.
0422-3__0422-S07	152	mixed	print		mostly-image	good	gemini	print, graded mixed	The page consists of a large photograph and a two-column newspaper article below it.
0422-3__0422-S07	153	mixed	print		multi-column	good	gemini	print, graded mixed	A dense newspaper-style page with multiple columns, headlines, and photographs.
0422-3__0422-S07	154	mixed	mixed	latin	two-column	good	gemini	printed body with handwriting on it	A newspaper clipping with handwritten header and date.
0422-3__0422-S07	155	clean	print		multi-column	good	keep	clean print, Tesseract confidence 0.943	Text contains a three-column layout with a horizontal headline area; the third column is oriented vertically (rotated 90 degrees).
0422-3__0422-S07	156	mixed	print		two-column	good	gemini	print, graded mixed	Two separate newspaper articles on a single page, potentially a montage of clippings.
0422-3__0422-S07	157	mixed	print		two-column	good	gemini	print, graded mixed	A single newspaper clipping titled 'Stimme aus dem Leserkreis' centered on a blank page.
0422-3__0422-S07	158	mixed	print		multi-column	good	gemini	print, graded mixed	Newspaper clipping with five interviews including portraits.
0422-3__0422-S07	159	mixed	print		two-column	good	gemini	print, graded mixed	The page contains two distinct newspaper clippings pasted on a backing sheet.
0422-3__0422-S07	160	mixed	mixed	latin	montage	good	gemini	printed body with handwriting on it	Two newspaper clippings pasted onto a sheet with a handwritten date at the top.
0422-3__0422-S07	161	clean	print		three-column	good	keep	clean print, Tesseract confidence 0.94	The page is laid out in three columns with a header and a footer copyright notice.
0422-3__0422-S07	162	mixed	print		mostly-image	good	gemini	print, graded mixed	The page is a brochure cover with large print title and a photograph with an overlayed caption.
0422-3__0422-S13	242	mixed	typescript		two-column	good	gemini	typescript, graded mixed	Text appears to be produced by a typewriter alongside printed musical notation.
0422-3__0422-S13	243	mixed	mixed	latin	two-column	good	gemini	printed body with handwriting on it	Text is a mix of typescript and hand-drawn calligraphic display script.
0422-3__0422-S13	244	mixed	typescript		two-column	good	gemini	typescript, graded mixed	The document is a program flyer with a sans-serif typewriter font.
0422-3__0422-S13	245	mixed	print		multi-column	good	gemini	print, graded mixed	Clipping from a newspaper containing multiple articles and photos.
0422-3__0422-S13	246	mixed	mixed	latin	multi-column	good	gemini	printed body with handwriting on it	A newspaper clipping with a large handwritten annotation at the bottom.
0422-3__0422-S13	247	mixed	mixed	latin	form	good	transkribus	printed form completed by hand	Typewritten letter on a printed letterhead with a handwritten signature.
0422-3__0422-S13	248	mixed	mixed	latin	montage	good	gemini	printed body with handwriting on it	Document consists of a typewritten official letter with a signature, accompanied by a photograph of a large group of people.
0422-3__0422-S16	279	poor	handwriting	latin	single	good	transkribus	handwritten (latin)	Includes a line of Hebrew handwriting above the Latin name.
0422-3__0422-S16	280	mixed	mixed	latin	two-column	good	gemini	printed body with handwriting on it	Document contains a mix of typescript and hand-drawn calligraphic lettering for titles.
0422-3__0422-S16	281	mixed	typescript		two-column	good	gemini	typescript, graded mixed	Text appears to be typed with a typewriter on lined paper.
0422-3__0422-S16	282	mixed	mixed	latin	multi-column	good	gemini	printed body with handwriting on it	Newspaper page with a handwritten name and date at the top right; includes multi-column articles and photographs.
0422-3__0422-S16	283	mixed	print		multi-column	good	gemini	print, graded mixed	A three-column brochure layout with various event listings.
0422-3__0422-S16	284	mixed	print		multi-column	good	gemini	print, graded mixed	Three-column event program brochure layout.
0422-3__0422-S16	285	clean	print		multi-column	good	keep	clean print, Tesseract confidence 0.947	Page contains columns of printed text and one large illustrative graphic on the right.
0422-3__0422-S16	286	clean	print		multi-column	good	keep	clean print, Tesseract confidence 0.952	Three columns of printed text with numerical section headers; slight page curl at the left margin.
0422-3__0422-S16	287	clean	print		multi-column	good	keep	clean print, Tesseract confidence 0.954	Two-page spread with dense four-column printed text; columns 1 and 2 are on page 6, columns 3 and 4 are on page 3.
0422-3__0422-S16	288	clean	print		two-column	good	keep	clean print, Tesseract confidence 0.948	A double-page spread from a booklet showing numbered paragraphs 15 through 26.
0422-3__0422-S16	289	clean	mixed	latin	single	good	gemini	printed body with handwriting on it	Typewritten text with several handwritten corrections and date/header information in Latin script.
0422-3__0422-S16	290	clean	mixed	latin	single	good	gemini	printed body with handwriting on it	Typewritten text with a small handwritten correction and a signature at the bottom.
0422-3__0422-S16	291	clean	mixed	latin	two-column	good	gemini	printed body with handwriting on it	The page is a printed pamphlet with handwritten corrections and annotations in Latin script.
0422-3__0422-S16	292	mixed	mixed	latin	two-column	good	gemini	printed body with handwriting on it	Primarily printed text with small handwritten annotations (numerical and corrections) in Latin script.
0422-3__0422-S16	293	mixed	mixed	latin	two-column	good	gemini	printed body with handwriting on it	Typeset document with handwritten additions and annotations in Latin script.
0422-3__0422-S16	294	mixed	mixed	latin	two-column	good	gemini	printed body with handwriting on it	Typeset text with a handwritten name and comment in the left margin.
0422-3__0422-S16	295	mixed	mixed	latin	single	good	gemini	printed body with handwriting on it	Typewritten official letter with a large handwritten signature and some archival numerical notations in the margins.
0422-3__0422-S16	296	mixed	mixed	latin	single	good	gemini	printed body with handwriting on it	Typewritten letter with handwritten corrections and annotations in Latin cursive.
0422-3__0422-S16	297	mixed	print		two-column	good	gemini	print, graded mixed	Two pages of a printed booklet are shown side-by-side with a central gutter.
0422-3__0422-S18	312	clean	print		single	good	keep	clean print, Tesseract confidence 0.955	A single coin in a small plastic bag is taped to the page.
0422-3__0422-S18	313	poor	print		mostly-image	good	gemini	print, graded poor	This is a book or brochure cover with a large historical city illustration and stylized printed title text.
0422-3__0422-S18	314	clean	typescript		single	good	keep	clean print, Tesseract confidence 0.948	A clean typewritten letter on official letterhead from the city of Schwäbisch Hall.
0422-3__0422-S18	315	clean	typescript		single	good	keep	clean print, Tesseract confidence 0.949	Page 2 of a typewritten document in German.
0422-3__0422-S18	316	clean	typescript		single	good	keep	clean print, Tesseract confidence 0.955	Clean typewritten page with page number at the top.
0422-3__0422-S18	317	clean	typescript		single	good	keep	clean print, Tesseract confidence 0.956	A clean, single-page typewritten report with page number 4 at the top.
0422-3__0422-S18	318	clean	typescript		single	good	keep	clean print, Tesseract confidence 0.955	Clean typewritten page with page number at the top.
0422-3__0422-S18	319	clean	typescript		single	good	keep	clean print, Tesseract confidence 0.95	A clean page of typewritten German text.
0422-3__0422-S18	320	clean	typescript		single	good	keep	clean print, Tesseract confidence 0.951	Clean typewritten page with page number at the top.
0422-3__0422-S18	321	clean	typescript		single	good	keep	clean print, Tesseract confidence 0.953	This is a clean typewritten page with a single column of text.
0422-3__0422-S18	322	clean	mixed	latin	single	good	gemini	printed body with handwriting on it	Typewritten page with a handwritten signature by Karl Friedrich Binder.
0422-3__0422-S18	323	mixed	typescript		two-column	good	gemini	typescript, graded mixed	Typewritten list of names and locations organized by country.
0422-3__0422-S18	324	mixed	typescript		two-column	good	gemini	typescript, graded mixed	Typewritten list of names and locations organized by country.
0422-3__0422-S18	325	mixed	typescript		two-column	good	gemini	typescript, graded mixed	Page 3 of a list of names and locations, organized by country headings.
0422-3__0422-S18	326	mixed	typescript		two-column	good	gemini	typescript, graded mixed	A list of names and locations organized by country headings.
0422-3__0422-S18	327	mixed	typescript		two-column	good	gemini	typescript, graded mixed	A list of names and locations organized by country headings.
0422-3__0422-S18	328	mixed	typescript		two-column	good	gemini	typescript, graded mixed	A typewritten list of names and locations organized in columns.
0422-3__0422-S18	329	mixed	typescript		two-column	good	gemini	typescript, graded mixed	The page is a typewritten list of names and locations organized in two columns.
0422-3__0422-S18	330	mixed	typescript		two-column	good	gemini	typescript, graded mixed	The page contains a list of names and addresses, organized by state/region.
0422-3__0422-S18	331	mixed	typescript		two-column	good	gemini	typescript, graded mixed	The page contains a two-column list of names and locations.
0422-3__0422-S18	332	mixed	typescript		two-column	good	gemini	typescript, graded mixed	Page is a typewritten list of names and addresses.
0422-3__0422-S18	333	mixed	typescript		two-column	good	gemini	typescript, graded mixed	A list of names and locations with maiden names indicated by 'geb.'
0422-3__0422-S18	334	mixed	typescript		two-column	good	gemini	typescript, graded mixed	Page appears to be a list of names and locations, typewritten with a visible bleed-through from the reverse side.
0422-3__0422-S18	335	mixed	mixed	latin	single	good	gemini	printed body with handwriting on it	Typewritten letter with a handwritten signature and a faint GOHRSMÜHLE watermark in the center background.
0422-3__0422-S18	336	mixed	print		mostly-image	good	gemini	print, graded mixed	Brochure cover with line drawings of historical buildings.
0422-3__0422-S18	337	mixed	print		multi-column	good	gemini	print, graded mixed	The page contains two columns of dense print text on the left and a large illustrated map on the right.
0422-3__0422-S18	338	mixed	print		mostly-image	good	gemini	print, graded mixed	A woodcut-style engraving of the city with accompanying printed text column on the right.
0422-3__0422-S18	339	clean	print		multi-column	good	keep	clean print, Tesseract confidence 0.946	Three-column printed brochure with slight curvature at the center gutter.
0422-3__0422-S18	340	mixed	print		mostly-image	good	gemini	print, graded mixed	A tourist map of a city with numbered points of interest and a legend.
0422-3__0422-S18	341	mixed	print		mostly-image	good	gemini	print, graded mixed	A map of a historic town with a dense two-column legend on the left.
0422-3__0422-S18	342	clean	print		multi-column	good	keep	clean print, Tesseract confidence 0.937	A brochure page featuring an illustrated city map and three columns of descriptive text.
0422-3__0422-S18	343	clean	print		multi-column	good	keep	clean print, Tesseract confidence 0.949	Text is organized in three columns with a map in the upper right.
0422-3__0422-S18	344	mixed	mixed	latin	single	good	gemini	printed body with handwriting on it	Letterhead is printed; main body is typescript; page number is handwritten.
0422-3__0422-S18	345	mixed	print		multi-column	good	gemini	print, graded mixed	Standard multi-column newspaper layout with photographs.
0422-3__0422-S18	346	poor					gemini	print, graded poor	
0422-3__0422-S18	347	mixed	print		multi-column	good	gemini	print, graded mixed	A full newspaper page containing multiple articles, photographs, and a weather map.
0422-3__0422-S18	348	mixed	print		multi-column	good	gemini	print, graded mixed	A full newspaper page containing several articles and three large photographs with captions.
0422-3__0422-S18	349	mixed	print		multi-column	good	gemini	print, graded mixed	A full newspaper page with several photographs and dense multi-column printed text.
0422-3__0422-S18	350	mixed	print		multi-column	good	gemini	print, graded mixed	A full newspaper page with two photos and multiple articles.
0422-3__0422-S18	351	mixed	print		multi-column	good	gemini	print, graded mixed	A newspaper page clipping with several articles and three photographs with captions.
0422-3__0422-S18	352	mixed	print		multi-column	good	gemini	print, graded mixed	A full newspaper page with several articles and photographs.
0422-3__0422-S18	353	mixed	print		multi-column	good	gemini	print, graded mixed	Newspaper page with many small advertisements and varying font sizes.
0422-3__0422-S18	354	mixed	print		mostly-image	good	gemini	print, graded mixed	A printed map of Schwäbisch Hall from 1927 with an extensive street index and legend at the bottom.
0422-3__0422-S18	355	mixed	print		mostly-image	good	gemini	print, graded mixed	A title page with an illustration and a few lines of printed text.
0444-3__0444-D01	6	mixed	mixed	latin	single	good	gemini	printed body with handwriting on it	Letterhead is printed; body text is typewritten; a few small handwritten marks in Latin script.
0444-3__0444-D01	7	mixed	mixed	latin	single	good	gemini	printed body with handwriting on it	A typewritten letter with a handwritten signature and initialing.
0444-3__0444-D02	5	poor	handwriting	hebrew	single	faded	transkribus	handwritten (hebrew)	A few lines of Hebrew handwriting and the year 1964; the ink is very light/faded.
0444-3__0444-D03	25	mixed	mixed	latin	single	good	gemini	printed body with handwriting on it	A typewritten letter with a handwritten signature and a handwritten receipt note circled at the bottom.
0444-3__0444-D03	26	mixed	mixed	latin	single	good	gemini	printed body with handwriting on it	Mainly typewritten text with a handwritten stamp and date annotation.
0444-3__0444-D03	27	clean	mixed	latin	single	good	gemini	printed body with handwriting on it	A typewritten text with a handwritten signature at the bottom.
0444-3__0444-D03	28	poor	handwriting	hebrew	single	good	transkribus	handwritten (hebrew)	A few lines of Hebrew handwriting with the date 1985 and a name in Latin script (Mechtild).
0444-3__0444-D03	29	clean	mixed	latin	single	good	gemini	printed body with handwriting on it	Typewritten letter with two small handwritten numerals at the top.
0444-3__0444-D03	30	poor	handwriting	latin	single	faded	transkribus	handwritten (latin)	A few lines of handwritten Hebrew and Latin script, possibly a bibliographical citation.
0444-3__0444-D03	31	mixed	typescript	latin	single	good	gemini	typescript, graded mixed	Page number 51 is handwritten in the top right corner.
0444-3__0444-D03	32	mixed	mixed	latin	single	good	gemini	printed body with handwriting on it	A dense typewritten page with significant handwritten annotations in Latin script at the bottom.
0444-3__0444-D03	33	mixed	mixed	latin	single	good	gemini	printed body with handwriting on it	Title page of a book with library stamps and several handwritten shelf marks or annotations.
0444-3__0444-D04	8	mixed	print		mostly-image	good	gemini	print, graded mixed	Text includes decorative fraktur and standard print captions identifying the statues.
0444-3__0444-D04	9	mixed	print		single	good	gemini	print, graded mixed	A blank vintage postcard with printed information about the Luther Memorial in Worms.
0444-3__0444-D04	10	poor	handwriting	hebrew	single	good	transkribus	handwritten (hebrew)	Includes Latin script names (Henry Huttenbach, Karl Schlosser) within the Hebrew handwriting.
0444-3__0444-D04	11	clean	mixed	latin	single	good	gemini	printed body with handwriting on it	Typewritten letter with multiple handwritten corrections and insertions in Latin script.
0444-3__0444-D04	12	clean	mixed	latin	single	good	gemini	printed body with handwriting on it	Typewritten text with several manual corrections and a handwritten signature.
0444-3__0444-D04	13	poor	handwriting	hebrew	single	good	transkribus	handwritten (hebrew)	Handwritten Hebrew text with a signature in Latin script (Karl Schloesser).
0444-3__0444-D04	14	mixed	mixed	latin	montage	good	gemini	printed body with handwriting on it	Two separate documents (denazification certificates) are scanned together; both contain printed headers and typewritten content with handwritten signatures and 
0444-3__0444-D04	15	poor	handwriting	hebrew	single	good	transkribus	handwritten (hebrew)	Text contains Hebrew handwriting and Latin characters for 'Worms' and 'G.F. 0444/3'
0444-3__0444-D04	16	clean	mixed	latin	single	good	gemini	printed body with handwriting on it	Typewritten letter with several handwritten corrections and a handwritten postscript at the bottom.
0444-3__0444-D04	17	mixed	mixed	hebrew	single	good	gemini	printed body with handwriting on it	The page is a typescript letter with a Hebrew handwritten annotation at the top.
0444-3__0444-D04	18	mixed	mixed	latin	single	good	gemini	printed body with handwriting on it	Typewritten letter with a handwritten signature.
0444-3__0444-D04	19	mixed	mixed	hebrew	single	good	gemini	printed body with handwriting on it	Typewritten letter with Hebrew handwritten annotations at the top.
0444-3__0444-D04	20	clean	typescript	latin	single	good	keep	clean print, Tesseract confidence 0.92	The document is a typewritten letter with a handwritten signature and a small handwritten page number at the top left.
0444-3__0444-D04	21	poor	handwriting	hebrew	single	good	transkribus	handwritten (hebrew)	The page contains Hebrew handwriting with some modern Latin characters for dates and reference numbers.
0444-3__0444-D04	22	poor	handwriting	hebrew	single	faded	transkribus	handwritten (hebrew)	A few lines of handwritten Hebrew text with a date '1985' at the top.
0444-3__0444-D04	23	mixed	mixed	latin	single	good	gemini	printed body with handwriting on it	Typewritten letter with red circle and handwritten corrections in blue ink.
0444-3__0444-D04	24	mixed	typescript		single	bleed-through	gemini	typescript, graded mixed	Significant bleed-through from text on the reverse side of the page.
0444-3__0444-D05	225	mixed	mixed	latin	multi-column	good	gemini	printed body with handwriting on it	A newspaper clipping with blue handwritten date and source annotation in the upper right margin.
0444-3__0444-D05	226	clean	print		mostly-image	good	keep	clean print, Tesseract confidence 0.941	Clipping from a newspaper or brochure including a photo and descriptive text.
0444-3__0444-D05	227	clean	print		multi-column	good	keep	clean print, Tesseract confidence 0.93	A newspaper clipping with text arranged in columns around an image.
0444-3__0444-D05	228	clean	mixed	latin	multi-column	good	gemini	printed body with handwriting on it	A newspaper page with printed text, three photographs with captions, and a handwritten date in the top right corner.
0444-3__0444-D05	229	clean	print		multi-column	good	keep	clean print, Tesseract confidence 0.93	A newspaper page with five columns of printed text and two portrait photographs.
0444-3__0444-D05	230	poor	print		multi-column	good	gemini	print, graded poor	Hebrew text in three columns with one central photograph.
0444-3__0444-D05	231	poor	print		two-column	good	gemini	print, graded poor	A page with two main articles, each featuring a photograph and sidebars with seasonal greetings.
0444-3__0444-D05	232	clean	mixed		montage	good	gemini	printed body with handwriting on it	A newspaper clipping with a typewritten header pasted onto a sheet of paper.
0444-3__0444-D05	233	clean	print		mostly-image	good	keep	clean print, Tesseract confidence 0.903	A single newspaper clipping with a photograph and a short caption.
0444-3__0444-D05	234	mixed	mixed	latin	multi-column	good	gemini	printed body with handwriting on it	A newspaper clipping with a small typewritten annotation at the top.
0444-3__0444-D05	235	clean	mixed	latin	multi-column	good	gemini	printed body with handwriting on it	Clipping from a newspaper with a handwritten date and archive code.
0444-3__0444-D05	236	clean	print		multi-column	good	keep	clean print, Tesseract confidence 0.942	A newspaper clipping from the Wormser Zeitung, December 7, 1982.
0444-3__0444-D05	237	clean	mixed	latin	multi-column	good	gemini	printed body with handwriting on it	A newspaper page with handwritten annotations at the top and a photograph with a caption at the bottom.
0444-3__0444-D05	238	clean	mixed	latin	multi-column	good	gemini	printed body with handwriting on it	A newspaper clipping with four columns of text and a film schedule; it has blue and red handwritten annotations in the top left margin.
0444-3__0444-D05	239	clean	print		multi-column	good	keep	clean print, Tesseract confidence 0.941	Several newspaper clippings or articles on a single page, including one photograph with a caption.
0444-3__0444-D05	240	clean	mixed	latin	multi-column	good	gemini	printed body with handwriting on it	Newspaper clipping with handwritten publication details at the top.
0444-3__0444-D05	241	clean	print		multi-column	good	keep	clean print, Tesseract confidence 0.91	A single newspaper page with multiple columns of printed text and large headlines.
0444-3__0444-D05	242	clean	print		multi-column	good	keep	clean print, Tesseract confidence 0.936	A full newspaper page containing multiple articles and a large political advertisement for the SPD.
0444-3__0444-D05	243	clean	print		multi-column	good	keep	clean print, Tesseract confidence 0.938	Standard German newspaper layout with multiple articles and two photographs.
0444-3__0444-D05	244	clean	print		multi-column	good	keep	clean print, Tesseract confidence 0.94	Standard newspaper page layout with four columns of text and three photographs.
0444-3__0444-D05	245	clean					keep	clean print, Tesseract confidence 0.938	
0444-3__0444-D05	246	mixed	print		multi-column	good	gemini	print, graded mixed	A newspaper page featuring an article and several book advertisements with associated imagery.
0444-3__0444-D05	247	mixed	print		multi-column	good	gemini	print, graded mixed	A newspaper page featuring an article with a large portrait photo and an advertisement section at the bottom.
0444-3__0444-D10	249	poor	print		montage	low-contrast	gemini	print, graded poor	A photo of a cemetery montage with a photo of a memorial plaque containing a dense list of names.
0444-3__0444-D10	250	poor	mixed	latin	montage	good	gemini	printed body with handwriting on it	Clippings in Hebrew, German, and English are pasted at various angles; includes one date in handwriting.
0444-3__0444-D10	251	poor	handwriting	latin	two-column	good	transkribus	handwritten (latin)	Modern German longhand script across two notebook pages.
0444-3__0444-D10	252	poor	handwriting	latin	single	good	transkribus	handwritten (latin)	A notebook spread with dense Latin longhand; the central gutter is very tight and shadows the text.
